{"version":1,"hash":{"type":"Buffer","data":"KCnsSNuR/tXZvXm7obSB3golX9Gdq2h9JJpMWtqB7giv6HCe3WNZTCI48+oFD9nkigkWOPYlj0A6Y6CI80lohuTzfFAZgz4W3WJirPf1hl30tnTspPIA1NzEXK9HJ3qC7f15dhEYCVT0G30RnSvFGKqTgK4ReCw3oJpoMKBtMF8="},"indexValueMap":{"K7qZOjmPITMuKvWPNl1AI8txKxmVgU7NFr4ooH10vnA=":{"valueMac":{"type":"Buffer","data":"X0aZzWbovgNRj+BDXGSqmfTnFkVHy1h1ZP5si1H0Kc0="}},"0GpAkP3jGHXPUbZaIsENiP/dqwfP546J9zql3e/jkno=":{"valueMac":{"type":"Buffer","data":"qvwfcXoC1MdwNETIpHBzNwlGOJVhTGu4xCgCnXNwu5c="}},"gjMt9m73jsVJJpLWIfq8BMBL/R00mLrwOQqKFPqtDKo=":{"valueMac":{"type":"Buffer","data":"gQS+X2XdayjoZxvbCAZURpPjYkUTOE7grvb7zyDILRQ="}},"vJu+uB6nzd03eb/lu7douVV9i9T/cHIPJLNVquriasw=":{"valueMac":{"type":"Buffer","data":"0eChv4VAYHW8tpehPUssHl2ufHuMjmWP5w62o5m5TFc="}},"xrjKk5OQRaGYLFUOeQAXx2DGViN+JWWtWfdeGAuJyzE=":{"valueMac":{"type":"Buffer","data":"pyHI3OQ2ITehEXnee4OFv4+VnabKgchXwvEbWN+asDU="}},"lvGMb6YUkw2gadeHogVr/RMqZDlpkKtnYvbU4MnVRNQ=":{"valueMac":{"type":"Buffer","data":"wGQvSLEb1lWr1D0eFTcsouPkpyhxsFLSbZrIw91FcX8="}},"MZEjpymXUrWO6FHJfXS6UkCyzYt1qbQSbwx6x5uQo6g=":{"valueMac":{"type":"Buffer","data":"o4pSXzIzJDx2EcuFMID3deoeX1oHQR1EfRqVgH9rGx4="}},"k7gbtGaffmt0STicrMO3j4ZdjDGernBZ7FkSGg6nuEQ=":{"valueMac":{"type":"Buffer","data":"MiNiM48s1vcDiOO58Q/xJPVYGuJs1joc20RqCSZ2jCE="}},"SZZu/cuiDv+pmc+iI3DNj9/rwIg4bXUFRXggRUQ8dX4=":{"valueMac":{"type":"Buffer","data":"jo/QxHIXV1LSjP9w/655z1WPMS2d3TsDoBp8DLdq+To="}},"Nd0G0yATMCnUfNghkZvx9aoSNlfoI0lGr5DEcG9j1OQ=":{"valueMac":{"type":"Buffer","data":"pgW+NnpgAo7U3ySDZsYm1biJhKtIdD2E8jE9kPPV1lA="}},"idhvMwiMzJTwnj+IUr7Qy6gi2iCkN9Q949AJcQmtC5U=":{"valueMac":{"type":"Buffer","data":"m7zecHp6JP/6xfnzKrGUWT841Hw1Ul22EkyggD6bTRg="}},"JPVOL+J3+9PLGLiu4TpaHbF8Vp3W9qZfzh8T87KYFMs=":{"valueMac":{"type":"Buffer","data":"GKr6thWhqZTu5pFyQMVtH3vHFvLS7Uf3ovJc3KjtZFo="}},"qrlAqUuUuNxGq4nzJdNapiSsS9BSMl79eRgSBkmR//c=":{"valueMac":{"type":"Buffer","data":"oMLuA/uO3x8Pm6dIIjykjaFQRl7v8L6I+W78Nyh5Cy8="}},"aEPjEdaP4f/cw/40MoAThLMfYSSEUqsnUI76SKO8K5E=":{"valueMac":{"type":"Buffer","data":"f33bSig7s52vtlii3OmpVeeUKk8TfYpCOSxmatIrWsA="}},"fCsl3rEtxCInbkeRhOjCsK1NmSLn9rEiiXULDP+hplU=":{"valueMac":{"type":"Buffer","data":"rOO3oIvNBauu0Y404CQhMoP8BrLf015HdwrtH4lzPjM="}},"IbMOkZ1SNRnvsF1M4gwFSdAu8+HV27anGAvs2Dwkh24=":{"valueMac":{"type":"Buffer","data":"Pfm5qtNOC1jGZacxH+W4cFLUp8Z6xIwDnLdom8/DW/k="}},"DONS6mnV63V9B+vXl8VWOXIHeAITqq0U/6NrhM0kvC4=":{"valueMac":{"type":"Buffer","data":"+7B3xS712Pz0XWh2mhEqZSLX2EcDpMLdrk83B7vDcxc="}},"QigBBGUdKXn3fy9i0/kUmB+PH8PY0ZWPQm46QfQrKE8=":{"valueMac":{"type":"Buffer","data":"T2zB4N5x55upJ0SOEHXIyb8euyTJIKq9PJYafFgx6g4="}},"RCyxDyG6JPiC9w8YxixeNGUQrCoCV88+Btr5V8uK6EI=":{"valueMac":{"type":"Buffer","data":"ezF2i7YOiHgdw9mUk6pwSccGp92EYKHLCJ4sdOZscfU="}},"ctAFIX9nq5fSkC4Cs/+u0jMIsgSEBuLGPiVFJojOQ7Q=":{"valueMac":{"type":"Buffer","data":"allAhwTOgEB7qoqaHvONNeq+z2lXspASgty7NG4m6QE="}},"Xl/v0qN6ANDVLpVPJA2qNIfA6Hz9BL0BfZGFxzZ3irk=":{"valueMac":{"type":"Buffer","data":"JB2rdLrVqrqn7+l/rSzgHIqneaWEvtI+yu8szdFx/+o="}},"fz5S0oP6hpobQuEyT6BFKwTShHO9Vtp1iUiaU8B2uE0=":{"valueMac":{"type":"Buffer","data":"IXg6zPJooIzucy75PYz32a2QqL4Tif4uQh2P/TAou24="}},"VzWGX8aZ2QrtPEZDwNXfDb0bx08jgpxgwxhnLO6wruU=":{"valueMac":{"type":"Buffer","data":"TPaUeeBJL2m1BaRs25WpoKazjQG4dvvmS0goXF4038Q="}},"EMpfno2hxv0+IkMFFdgmVuwEuwjxA8baJX7bmvqV+AM=":{"valueMac":{"type":"Buffer","data":"vb9FElO+81uX9IWFuLpXBYzGR4+RcA8c2zN6cW7S1sA="}},"S4DNMOD2iHMg9tMIKCxDCJR6M73qfTS86bDKYeZjeiU=":{"valueMac":{"type":"Buffer","data":"xsjerq/6bktCC5V7gzM0mUtK9Gi+h00GuTK6LkutBYk="}},"8VfKxPGE50KrSpRxyvRV+P1HeTMxS9RX8mG5pKpMqbw=":{"valueMac":{"type":"Buffer","data":"h/nWycBgGfwC1Y4m0ujwOuZzReX+Jofnk0bCtITClaI="}},"jzFBoDnld8xDjDfvo3g9oXQhx1Kpap8Idg7Q67MUdfU=":{"valueMac":{"type":"Buffer","data":"Kk1b9C0GXPI3e4see2Rn0kfc729ZMJOJSDbbLFdHygc="}},"45Yd9zUqH1hDJMG5DhLlwve2jVxDQHuCHphL9/0x8y0=":{"valueMac":{"type":"Buffer","data":"97oI6sBVI6JWNVo+nFlqUzydWEXCdMaRJWg1HRBCueQ="}},"bi3bh2p3DgqiDkuVp0IOXQQMHzw91VFe3xpiDtBp4sA=":{"valueMac":{"type":"Buffer","data":"SWYdFRdPnuAAE3Uj7k8w39Rx3JiMTsSedKcw6hD92yw="}},"ksmtaNsSrrzKZtGHuo93gfFD1HtQA8rPuhTS94cdcu4=":{"valueMac":{"type":"Buffer","data":"SvUcAnc4yusBUKTaZuXJcuF/HawOymtwKSKY5pcbjlA="}},"0XKtpVQPRKZP59QzV+wIFiQ3lSZEpGW3bROEi+gD5Eo=":{"valueMac":{"type":"Buffer","data":"xEGit8+v98jHpfXCJR2BKUHnOO4vlWKvPlXkUZxVJPA="}},"45A/wtARlNmiNQg1O/eq5Qo4JUbJFwuCAN8Lb+tY0oM=":{"valueMac":{"type":"Buffer","data":"5D8/ksnDL7E18TRTb2yFOObnf+qtqryDx2nLo50uinE="}},"Jt/M+ihSeoQiOP9qHJWWPZhigBjol/4BW+viX/OO8Cc=":{"valueMac":{"type":"Buffer","data":"SHxDEvy05408GpPQh1RgN6UitK/G3+J1YXeck455Z0k="}},"Q0kz1XneZ9ydTgjQj2Cdu0Jfo0AOTlDwR1kqV4FA1yo=":{"valueMac":{"type":"Buffer","data":"A4ptQytP+aWRLeHvol1gfrrYbpF9BHA4WfUB0zq5e4c="}},"X0Et1XeZKcTzJFllb7TdKCV4XRnJPSzFShXL4LMbc70=":{"valueMac":{"type":"Buffer","data":"RJFrnt/JjLEHVLlK2OM3DEqr1vtW4bnPbSHVkz3JtiE="}},"mD2wxi+i2i9ft5w2Le66ULtZF+4d2f74gzNd8l2+LDk=":{"valueMac":{"type":"Buffer","data":"CicPD6FUvWGTkFQDH2S7xi7r21qyxgnwMXMph5ID1NQ="}},"FmXGqgURPwiHKOWwuGpKGroOTkzDVYZooYRI8eXCy+4=":{"valueMac":{"type":"Buffer","data":"Zl2c7bcY+Fd+D4l6EEBOfR4WQupK/14NPatRJrxtlfY="}},"R9b62qxaLdZzyGT3HYZaVYLoFtnpvLM746oLZbWPfOY=":{"valueMac":{"type":"Buffer","data":"K++g8Ei6XRHDjrItdK5oBRWix47TE4jB4lJx2vZzxzo="}},"fx9KN+5Ncj7N0GjoKEj07JwDZUnGP3WzkS1aSs/bn30=":{"valueMac":{"type":"Buffer","data":"SAT5yMTYfP6DLLLdpFuiOagyhhAS59PoB4MiGLpDDI8="}},"SAjeKf3mx9VbI+/I81uam0HspRuJLwXcrqBeU3VtG+E=":{"valueMac":{"type":"Buffer","data":"Q6MPnOMvOdG3cQuu7r8RDIfbqeSflLKWHBPrYUIW6k0="}},"CTYm10+/dICOmvtzmQ99uFWuZTnH+YaO2EaqmUEgSuM=":{"valueMac":{"type":"Buffer","data":"qCm30zdLrJ+360qEUa+tPScHV/+ge+DJZx2tXwSecpE="}},"j7txzZEAkAkOIg6WYCLYfRCxKOHb1Zvoo8Vkj6BZQ5E=":{"valueMac":{"type":"Buffer","data":"gyRZiTMZhRXMIa3r8YxVPsDXJoAY/wI/W4tFMViJitQ="}},"7ttDJ4KDN6gjHVzU6tSn1IKURuJP3KUpQuoaG3EnaBU=":{"valueMac":{"type":"Buffer","data":"20JrFuKu3Y6J0ht93ogD9+ZEN6+S3st4eVr8WG2/YjE="}},"9KE4zfwN7lL+PzgR875pAkTQAEWb1LlhMxozIwkcglY=":{"valueMac":{"type":"Buffer","data":"BHHzR/ATWB4fh9WsInWHkrW8yNjLZattUavbxRL/Rps="}},"xQKhX4WHJyKjpqM2FrvTFX3xiPIAyrWOVN1HFDwrLic=":{"valueMac":{"type":"Buffer","data":"v1qgt+c7JkiMD1YiVTn/AN7zGNqZxkn79F5ywKKOeU0="}},"TO9EmxNHOytV4eoqdNYhkh9jQ/CDqbe+DdZXAZNWaxA=":{"valueMac":{"type":"Buffer","data":"urZYKlecrcOTXN+5EjzmWggJ/0eFDFXUcezXegTFg28="}},"ibPHTzoXD3tGns3cZFKCBK1KemwpkzdqI9i0lieOSlk=":{"valueMac":{"type":"Buffer","data":"+h5uTilttxSnNQIc6o0sUA3VJLIzWcpN2HTEMGjZHBQ="}},"hBcDvPC3G6MiXtUIc1rYDzPn9tWDg9UBSpjd4aynyF4=":{"valueMac":{"type":"Buffer","data":"Y2aS+yzkrOiOyAe5tCLrJlCKntaVXRjYl78NhlW2PM0="}},"WOibYXDwSBmZSvgVqZbC1ZJObRSMFcJEC/MZJD+pvlA=":{"valueMac":{"type":"Buffer","data":"wWnyuLEw/mXOXX0SliAXsFiJ/c+csAkaEIkBzezGmkU="}},"5ivYH4S6dRUxyvLKHLaT9g5nToPD4WDiBA9adS1b1Jc=":{"valueMac":{"type":"Buffer","data":"QjMt5U2xQ/DH9uV1oIfrSC623s1qbS1A705jKl8omxU="}},"8fHXpQHZzxcnZ4N1ogcVtuBbMu74lSP1ki61TBiwPFM=":{"valueMac":{"type":"Buffer","data":"7SjsCktoIs4eThdQvBW4sj/55Lo+Yfn2ze6hiGnYcBE="}},"gsGYxh+LOZzRgf4QrNV6Pj1wD7ZICldmI5UOnPFSKfU=":{"valueMac":{"type":"Buffer","data":"ok5KftCPTl8i0cTuD+WtPEsP48pVcdyzE30NtokV9ro="}},"CpNqhgeINS05kwKdLzEzrZpRjeyVjDxAk54p+fZk5hM=":{"valueMac":{"type":"Buffer","data":"CUPYdxxNCcrr7KN7kQt3Laie5d+3R/czccNvef3aAfk="}},"JvjslOrKtxwEy3KoUUchGc7m3TWUCxoQ7szOhXbblq4=":{"valueMac":{"type":"Buffer","data":"sV8G+MFY/pcHQcF4bEsj3Gbg5KRhGf5Rsx9N7EMbej8="}},"yg7KRQoma1lpAxh59nuxbPNX4f5JyZB7gfZ2zG/w3LQ=":{"valueMac":{"type":"Buffer","data":"180tKqq1RhgCHwaAsYnHvjVrOm7RRDkNtSlAtY0EAck="}},"iAFFXG2A9Z1WjMIpgUrkwjieboU6hJj+IS++hoUCyIg=":{"valueMac":{"type":"Buffer","data":"a3bGPSUK2O0ZtPmFwtjFL9Mz+lOCbeYp3X4Exlt6QDw="}},"MFxmiyqrYUdd3szVFt6DXaiEzmQMmFQz0SP1H3OAoq4=":{"valueMac":{"type":"Buffer","data":"wORUI2oOnZNeX0lAE11rpHmtLBb9qdl4DvMeybpYCVc="}},"PzsvfJDIufxFI1T9iJ4o5Aank60ipf6QG89prtx3hsU=":{"valueMac":{"type":"Buffer","data":"mQv59XoHClg9tvDkbotqjByPsqBZmY65I0T5r6WG9m8="}},"jFk1Glo2FIFzVWXH/FeHMRwvlyAYdpjFpmq09d3031E=":{"valueMac":{"type":"Buffer","data":"PR1ja9AOThThrRlmTe107MSAb1fie1Dl8ftqSykkkXU="}},"YtLBV3f0/P2/37GzTTGSZarXltOlhqYWXMr6Ajq5Lh4=":{"valueMac":{"type":"Buffer","data":"LLw84h8R75XfQNyVpp33RH32SJiwoU+MSqdnMEY93Ow="}},"0zz7Mzz39Uswy5QfyGL176+FOxiw9EeiCqMR8PhPsVE=":{"valueMac":{"type":"Buffer","data":"pydsRDHId7No9ujoXxMPb1EsjGfjQaiQzaKcDi0x5n4="}},"neSt8g5uikbhss2pQ+x/c+6Xz9dnhhY9lyuhzh13kYo=":{"valueMac":{"type":"Buffer","data":"Bj1ymnPzYjKxUnBZ0WOveiBgDNLzzW8LUWLF502gPAI="}},"J6YoAtd2yevCHAliP1lOlRb/TJTmD7b1mmRianoo2mI=":{"valueMac":{"type":"Buffer","data":"oAGmn/DwjjPIclDMvZ30mZUA0luID5UhlJW5Yh2ioHc="}},"pSaBcDEvBvjjVK6T+LTLiBIvc+TFXYhjJ71dgkvvWeo=":{"valueMac":{"type":"Buffer","data":"Dchn2qNAMAOyl4IrIPkusWsWRo9BGLhhobCJ/sOxrRo="}},"e2rhLEfQqmvWAQ1V+cWvebT/uI00ZTv9bMU/m7KzD/A=":{"valueMac":{"type":"Buffer","data":"kr71vjKp71TEJn7hJshSUFF8Bm0Drih+MMOL8tAWxwc="}},"58iYrJp/o6VmqJvJr/IVUvuUfZfjLASQQqNq4oQW2MY=":{"valueMac":{"type":"Buffer","data":"zv6CZpNtn6XkO+84jVaUBST11zXg4U+d6SYLCGw2TSk="}},"GWbHhTSgZ2mpdgBzkxviBky0inOyqMPlBwlXUqDcsAU=":{"valueMac":{"type":"Buffer","data":"1nZPOWEGORNTwIIHiGeF6oZp2Wu63kNCD+tGS5ou1Ig="}},"s1BsxzOYMbKjCTYFKB9pd3u8pwsNETJWNoXiqmndH74=":{"valueMac":{"type":"Buffer","data":"2X/7hXv7XbM079ol4B0SnnYlLSP/+RCEugXOffTWaRw="}},"f/aYJUIm1gW9q82SLjLc6JanJtnFq6gVs8L92mctbj4=":{"valueMac":{"type":"Buffer","data":"THlm52T+8sIiZIVdmbBK14BdQzI8UjTUkH3A4NwpOHE="}},"29HItfUv2F4kj5hzK/fv5SJR/7gbTpmig13YKRVbOrk=":{"valueMac":{"type":"Buffer","data":"0guJQd2TuwBxBCRyjM+PsO4n3UbIuThnBwLN7CqzJDs="}},"BDATNZHP6Tk+qxxUMIiH7ZMJnfit/YS+u8GBQ/dfZgs=":{"valueMac":{"type":"Buffer","data":"HUwT9C8N58V+sGJQI3UfdPHYZ+ydknDGwfEvs5mS5+A="}},"QiCXOM7bvJxfPmqGfTn4YDNP5v8gPXBO+kJUcfjFDUQ=":{"valueMac":{"type":"Buffer","data":"/32TWoAM4R1uEEkxXta4uM3xSYekGUmmromdE0gqo2Y="}},"Tp3JX0rBynHroF9jjF2BWHNXHMg8y/NZA9m6KeGOEbk=":{"valueMac":{"type":"Buffer","data":"l2hFOVCy21LoGyutSuY6sENcraycjBZ+PgSRsoZFtxM="}},"Vzpj9m773idsqgj5kdo6i1L6Nu1J0HqEIGLvqshXrC8=":{"valueMac":{"type":"Buffer","data":"m37TXHER1gfyTFbKlJUCW1Kw+L2zZv4K72+ZqebluiM="}},"El1xkr3/MCL7kuOgVGDiZikEGrYQtw6c6vHYH1NPYRc=":{"valueMac":{"type":"Buffer","data":"q33qe1/j8jUZ1CcKBSnvZkK5q9ioEsIhLy2F33T9+DU="}},"hEWF5YANvnFE3gmtkWdK+A8K073vff76S1Hh0RfMs2Q=":{"valueMac":{"type":"Buffer","data":"KKG9OrP16yXaTUaYth+JONzzAmwkfor2lRiATN4L4Qs="}},"Rc/K5bI+ZKe0mfV5QuOKgJYp228nG4U6E0uLVZIkxDM=":{"valueMac":{"type":"Buffer","data":"1KCvraw9+zmmMyUAnqgTwAKg42LpQxWCEFK07If272E="}},"kg3OYCSDaAMeC+j8XWH4N6gbjEpCM0QJHAQH6PogtBg=":{"valueMac":{"type":"Buffer","data":"B5acCMtz+2owt8xO4Gbpyb7ib/bC6Hyqj1fU1itjYW8="}},"XROoeCy+dxHZWp87hRfyuYB+DwjzlLCVtYn6h8R12Gw=":{"valueMac":{"type":"Buffer","data":"YJCKvQhDW1L5SDUw/+XsMfeKvGFHlawbcna7ogtFgs4="}},"4/tk+KDna5WuFWWlJUpEv2mBdyeIR6GSRE9a3++DXs8=":{"valueMac":{"type":"Buffer","data":"TRk0NEDvZvL7Otyw22gZAwxL7xPYX1W2y1b1TcOTNvM="}},"MFIDpP474OVPZGFiOlPawjHuTVVtkmcyWik0ERdVAec=":{"valueMac":{"type":"Buffer","data":"0CkWJ1dEAfo6H/TcbqDfOp6ZGxjUQOuYj/xcAGTB87I="}},"eq6ltJK1n7rylInQ+R0McRUfthheLAUkmFe9u8gEx0o=":{"valueMac":{"type":"Buffer","data":"12nh7KpqDbTB92Jjob2nykRoYc9FLDfSqZVn8npdUXU="}},"qcBxUmAIGEeGkECYGwde3vN1q5XLIagSZC+IkhyTznU=":{"valueMac":{"type":"Buffer","data":"Oe+9LJ+gDLN9jjO88lYRSonjVCCzR3n5gSGRNzyQVww="}},"wfPuiLMTojmZNVkB7z8Bb7ccx+8yl/YoxIRzzVURwBk=":{"valueMac":{"type":"Buffer","data":"UbaXi/uQ95MMtsyf1LuxRyuC101KjwDzYEauxXru8pI="}},"pYJcK453CuqtzI3CRhWqb9ZZEjMg1tASME1gAhbdzkY=":{"valueMac":{"type":"Buffer","data":"oMHLlP02jxRQ6mlx60rl7DTuxzvBm3W2JCvSZDxLHAM="}},"tgjTYEWi0dy5lRi8KWIn/3vzTyirPA7alXtnLjiHjgc=":{"valueMac":{"type":"Buffer","data":"U6pQNmzllwMThU7R+OJhP6rVOfccdw9K6bt0LqQ3rTs="}},"SyYY29xq1jQRK6Da6EZ4irsYUfwg+uKgZMUxX/8FlDw=":{"valueMac":{"type":"Buffer","data":"pW+PP+OmcU3eF9mSm1puPsyM1uytOHxxedIpLLzhbWo="}},"SjSwQzMFxC+nLLgzT48oi+TXT/uR6drle4sh2tvUlEs=":{"valueMac":{"type":"Buffer","data":"Zqb1fCY0R3ScaddgXUfTa2brbG8NvRzm5JuxtuOD98o="}},"MRi0qySgOs/uSP76n7SKwWkgsiEv+RBFbYfV2dl8kHY=":{"valueMac":{"type":"Buffer","data":"+qli2w0RdyHu9bJEKlcSJfyd9mvUYncQSbvPRDcb0FM="}},"4aHG3lFWcv4LZBJWEoMCDOMClcqC7GOFh/Vkm5Y6eGI=":{"valueMac":{"type":"Buffer","data":"ETwLIjIcznCFmBS+4sPafPJ9hX0HSIFggD4jAwgFKag="}},"h7GWoiTxnUOC/2LE7IUwlpauyaNQUz/KHzN6f4+7xGc=":{"valueMac":{"type":"Buffer","data":"rEb2lDWOV4s41yiKsgAxbYKtTsOxN9ALifF4sbg5d18="}},"8Nzn4G9dFSPPQ/78mP9t8Vr1j1MIMMTnjN/yJwVs4oY=":{"valueMac":{"type":"Buffer","data":"h2bkCa5CkidfjT3JwhUmDQUHx9CVOhlsLf37JOSrcfY="}},"Yrp6ieKd+JwxeaN8H1leBu0RhM5qrenlAzDyRLyLKKU=":{"valueMac":{"type":"Buffer","data":"/QA62fcjDXrrUslkS5X83TqPeiWZTBcbefeGay91u9Y="}},"CXcP8iICk0myJ/dGDverbBr0L4eCEhr7LUOpoH778JA=":{"valueMac":{"type":"Buffer","data":"o4pDMVA54CYRsEcrLvO2YAskpiQdjKxGiTQ4vTLRsRs="}},"w5ketma+xVtZKBwZGw8TxXnomVuOw+hYMvFjxU1o+Fk=":{"valueMac":{"type":"Buffer","data":"1lF71S6N9eFxirJftXgku2yAPp48bKmLn30ljDFGc8s="}},"sy7hQ+M/4Xyj3Z8GxwnPbcB+begilm6SXdbNV/PMRYU=":{"valueMac":{"type":"Buffer","data":"Kr6CDafifujW9KaveDyZB0B5ciSWX2IOQbSpWNY7mi4="}},"9dtrGYTrqOGI2SY0jKC1vICrGOdwpWze47SOUC1NaME=":{"valueMac":{"type":"Buffer","data":"E9/q0ChSoF2pup/AGFPxXwbsrfmiB24x5sAm3ynR0FM="}},"blx2RHGxi7I/A1NBtOPZW7ncrywWHTptXiJHRFUDM5o=":{"valueMac":{"type":"Buffer","data":"T131Pl30EUC1LbVxDMq1z6KlVaqaU3r3KAiQgyTHe58="}},"zT0AjKV/2EzvfQOJ/jh+/7zwbfHDZu7SxZ+U+V3vIWM=":{"valueMac":{"type":"Buffer","data":"3p61+2nypEzZy1zKtP8CizgoBNPCIwrnYd+rk+emAuU="}},"jSWjFobTKYs2SAQN9jv3FAlrKzDCBia9r5lhbaLFFMA=":{"valueMac":{"type":"Buffer","data":"yRsDeVJEIpXETv5P9zQM6rRsvmi0ZlW3scpb/+H9bzQ="}},"pnvaT+JLo9vRwVfhxCN3CPMB5IgV+xe25mcSoVg5+TU=":{"valueMac":{"type":"Buffer","data":"g/QYUq25bHIbCvoenUokYORstvdPrXKx4ruVm5BCjio="}},"5MsAo+AoYBzeAQfK7YkGkVHZPqX2eGS/BwfVgcUJ55Q=":{"valueMac":{"type":"Buffer","data":"hX+lI7kIQrPTtwa+iOT1wJmE2sF9Xf/DOIthsNL8YTg="}},"qBsvSPAKOYTMAmFlevrxCJ0PZytX19wJgOWuOhDQW9w=":{"valueMac":{"type":"Buffer","data":"eNLDP1DBqNFi/yrh9iLOCiLxXX9VMwfik8jo+piaa9g="}},"BF/ESAITI7P62AUf3lvBRGCLEXrpPKN5sPXRnizuWrY=":{"valueMac":{"type":"Buffer","data":"OWm4KWcvmJ/gCVX8Wa6suxw48nAk+QENnbbJ9PA4x5U="}},"wtLZ7RODV4IVxi70svxrRQjhjk16XENJZe8fcTwf64s=":{"valueMac":{"type":"Buffer","data":"JwKL9g1TUaBGxfHPm/3c7YFr7NBedifGUmLGEkxkwRE="}},"ZjAb9gbMBtEWg1z2XnwYZSlgcwF2wiDcUMCxDk65lHY=":{"valueMac":{"type":"Buffer","data":"v3+wg2/26KYj8Nx1cTD4ZAIzDjLHBBFApd5xRQb9LBc="}},"LZIfzB2VdEMSUsdoLdqJDBh0KUBOPVVZW1FNEFODQnI=":{"valueMac":{"type":"Buffer","data":"NT4sRjvBtGFe9hhVQzzBJzDDXXuR1EEEUoroFjgiB3Y="}},"a8YMlM88/OD2K7huiitCkLxh+UgObfH7t3VcfEWObQY=":{"valueMac":{"type":"Buffer","data":"xrW2IRlEq6z4bdO91TgALfzzXdOGDTsMowIleMGC8QU="}},"bIptHLU77diTYX5PJFTlfkjmjFF1pBC6IFZC9M5m84g=":{"valueMac":{"type":"Buffer","data":"kvWtggW6SmXKlqm8T+tradivbqcqkzNpucHynQsU7Jw="}},"Z0MAYywXwzifNsbP+l5lPvwJdS1igmTgcyE/LFEnwRU=":{"valueMac":{"type":"Buffer","data":"SCHc/6KrHsPcMZWuL4Ren4Wj3OioYunLAniHEdRdEBs="}},"dGKcn1YES1ZyaF06X7aR5wHXovrOgNG1JFBPdZiYzb8=":{"valueMac":{"type":"Buffer","data":"IGShVtHlcXXkOMN4OvbsTPO+HroQmPuwJtS47vI4Ec4="}},"CzR5w7uzhtxCORvJ39y3NEJKqJuJTjaBBgrO0+xQMi8=":{"valueMac":{"type":"Buffer","data":"HHbvK1AjIj9lXg8dlWSqAuXHhxUvi/dgNojg++JB6Is="}},"+bEhyz4I2uvEH7w0nl7rbSa694jdUrpbidusccqP0N8=":{"valueMac":{"type":"Buffer","data":"D+fX26rXlc/hRdBKkmEkjNf5Ic0BgvrssAw/y7GoK8A="}},"HnWfLkhfiSPKK2vTG0KB0B70t1MLfQBbxxXF8a0AdQc=":{"valueMac":{"type":"Buffer","data":"cYsKmHFCDNBbqSG2cCrNBT8lCj72mId/LWuT/+FBdEM="}},"3f6+BdinNm8DFGHgu6obpQrzIbaMyUzMx7EGb+J0l8I=":{"valueMac":{"type":"Buffer","data":"ya29xn2YZDwXO0nHn2oarnE2aR+1Vx3pL5v8Jkw5Sls="}},"CpZorgBwGdOvbgLsx82+e53Xl3ikv6lCJiQOiNevF18=":{"valueMac":{"type":"Buffer","data":"uvRRWf7axEKF5OMgUGPaV5uwfvC3KwXq2kP4FJTdZ+8="}},"en75hP0+wzgg2BvT1JM6/2cR9FK6i4yhmCQvl/XeFvc=":{"valueMac":{"type":"Buffer","data":"SG69D65n6gK0frj3KaWPnQqxcJIQlFsxUuPLd08iLcI="}},"+HMXXU/u2feODeafBf9dRLDU8ozk5m60OrwicCdqoRk=":{"valueMac":{"type":"Buffer","data":"wG0gkSIyt2jNR4zA9RFdsKEaOGkC6MX0hFAV6AQ/Ctw="}},"rEDZtkhE5cXiRvcsjjvts1P6bcrkqUMKTHkNX6rKapE=":{"valueMac":{"type":"Buffer","data":"cE3isf8eyB/txMPvMAPmrBdhzJFG68eXhxed5sU+myI="}},"rDT+TVrC09Vc+0p+qRnb0CuEyhJffhbEl/Lwon9fkU8=":{"valueMac":{"type":"Buffer","data":"0BvObqUoUupZNTw1ZtOqffaJ7+jgvfuZbEj1+OwF/XY="}},"jxyseCJvl1hWmFSDZlRv0je1J3HcUn1efcM0sal5oWc=":{"valueMac":{"type":"Buffer","data":"rLegQBf0ZtS0rg63sZZ7AgtAnpuhAuG1v9tQYCkVJiU="}},"USsgBqGDMugguWuGEvSYE5EGPPwSW/xyNoo3NTeQejU=":{"valueMac":{"type":"Buffer","data":"wm4cXrJj3SiahNjfTeQVEvqdJgomHpW3W2F8Gr3iaNw="}},"dY18lfMw1FWUyK1BI8vumi/eCq6lpjrSl9M3E+MKcBA=":{"valueMac":{"type":"Buffer","data":"HIFG0yamtxzEKY+jHi6w/QGio7Aqvq7Q0nbS80/+oOE="}},"hax2UKl8PNne55qNhoNLLdFlP7VrqbB8u75mI2ljruA=":{"valueMac":{"type":"Buffer","data":"onbQ22ZeBb4PoQKjfzF77gCput25QIf3vaDR1u0UmXA="}},"ZtMKuY4WLt3nd/yFgntNIHF/K59HE3khI7a4jxd8Rik=":{"valueMac":{"type":"Buffer","data":"aTDbE/dquo5ujrfSRK1znrz2qhrN0mTDtn93D6p/z60="}},"CCww52O/H+nUUbiSYonfJSzzXAJpzd/8U4Pe9RGtg6w=":{"valueMac":{"type":"Buffer","data":"y14/VnwRuQ7RAw86z2pRedR4J1RBggGCtqwmbW+iwuY="}},"a/ik1jQlmJAUg0ScMxHNH29Rw0HhCTM63aAkRmdHWTA=":{"valueMac":{"type":"Buffer","data":"bsElLdhI2P+1qZl/j0lC/eNhBysn/1VxXRWwE8PwPmw="}},"r3u4Fs+x2kSrM3WjB+bWWSp6MY8ecx+sZajWEDNZN/Y=":{"valueMac":{"type":"Buffer","data":"caFvPrsuS9aaeLcuVp298Jt4djMTzg3c7VghcgbUkEk="}},"KNMHFIWyTPl2qOO2MmJtdsC9zwyJQ5z1NBja1myhVJM=":{"valueMac":{"type":"Buffer","data":"nwEivHjzf3iCaeRlpxHr/hDOOWgfKmBb1xGEfNyz7dQ="}},"IWwWIgYjEpt+JFvmy+AmMeZNzMxLDO3VxNxCGgCqvgE=":{"valueMac":{"type":"Buffer","data":"NVuqHoG6w3LT6BGhLcFB8wEdpDRp4FsCXGUb7eMG+O4="}},"WDRKK6KA4BKWU1c+/HEg9UYz6aMEPc7fftTyvDZh7z0=":{"valueMac":{"type":"Buffer","data":"WrV6kULHaQgsRz0cH3QuAX65Q6VvxjDyxtRcYvgPvgM="}},"K55dmgJK7ba50/9xGNNdCCsLz09KvwRiRYt6zZWoGgo=":{"valueMac":{"type":"Buffer","data":"xrfaLOHA5yDKXXG7kCIdyRXwX2l9zlI9uaygjD1DJJU="}},"Y+ai892tP0UJh0mIqoEiC9carDHptDy8NyoqqiM82ow=":{"valueMac":{"type":"Buffer","data":"EkKSZnAgMn9daYQtmE33BcNhMlMZppXupdnRSV4SJFw="}},"YeGLdtsygyNJ1xOQ9gX7vnM81zNJoJ58X5OwEC7ewyQ=":{"valueMac":{"type":"Buffer","data":"945yoBMfQBi84IFvm+YzFnG1cJEyqJV48ooRuQbwZzk="}},"VJHpCRjuIfwg+V51zxG2W4Kvf2bOR11LhogsfAHLjyA=":{"valueMac":{"type":"Buffer","data":"fPD7btwWPuqSdSQ7V12skfb1KynQ6SlsjhvEWIquU80="}},"V4dIzo0rcdfDmfTVZasbgL76vVF96a1K4qJa3HwJjMM=":{"valueMac":{"type":"Buffer","data":"ui/QJtMMpFN249rvQaNUcQa8t/YKYedNMonre8l7Eps="}},"2Z3EX5d1iwjsRN9BrhkKVmZBz12lvvvdK2B8d7mXxio=":{"valueMac":{"type":"Buffer","data":"459/eX6GmHmrB/5vLJMMqsL9Fl8qLQtpRe5AtXHeeqM="}},"FyLxTDZj/kNxKlyph37pWJcuoghKd/Xa7ukN0QS5a5I=":{"valueMac":{"type":"Buffer","data":"3RW/hvxbKCA95RBsObpjdJr6+DfEiflGM0kXOqEgLeM="}},"C3ZQNlmSYClzdjpuKSJn6TVsUal7+nhXMGKAuAWLvUI=":{"valueMac":{"type":"Buffer","data":"4M4u4NJ9YHrvaLDZeEZKkd1CTzXWWciKlT8fXuNtOdI="}},"hZZ4noMfrruqimIz1aiTiFWEFWP0p/tajC1JhaicjKU=":{"valueMac":{"type":"Buffer","data":"14I5w1dUWUdWp+fYjTqBVAiwTlTnbluK/WGCQsFeCls="}},"ruFjYYcRysxFmEYMWIV15oCdGQ7u4RIo1FXYuMYP5S4=":{"valueMac":{"type":"Buffer","data":"pRI2mTIxLrz6i2ZRBjn0qeKz6YktCpz7OUfaZV9MQB8="}},"B3FP+FCMUbuOjDz0ihxols725X7g71Ofp4+NjELzIzI=":{"valueMac":{"type":"Buffer","data":"VyM3B+mNUjSzSaqOA1Q+Gk9aJ5+uPV7uIP48dx/dH6o="}},"W3CxDYf7qTQE2s2cpcYEQ6niicksIauGLi/4Aj+FoIg=":{"valueMac":{"type":"Buffer","data":"89n1jx67RPZWNJWfwNiamyllf9L5cJdooadKlFZZ2wU="}},"kwQpQ8xsLUK0ihfuIzLTjnKe/OW7xAgNTt4aWmbIeSY=":{"valueMac":{"type":"Buffer","data":"YC/nr8+667l/efnxc5jB8F5UBPgVJ3l3TvvXp9gXNLw="}},"MiOiZcE+/hgOjt1Fmuvu5O+Dtlh9W6DPQprYPYN5o38=":{"valueMac":{"type":"Buffer","data":"EYJd7yeJemF4lJ18Ptg/gYYU2iBfKkrTWx8v2Ni+pc0="}},"vDigUSUFG9mA1fVXDqGhfYliHiIBOipmT/2fQDb75yc=":{"valueMac":{"type":"Buffer","data":"QZ468wss4HErrM8DyBaLblUo2ZRH3JYBARZqodcsO7U="}},"uaVoPFOnpTqRAgPG/PBMgYB8nPPoK2YU7v7aVD2N0+Q=":{"valueMac":{"type":"Buffer","data":"hROlt8CH+YRKL/IU3rdRpOkge5S8EPEXBH48PnDorqI="}},"FOZ8c8nd3horIZ8kLDfMEYfmujc8+qtWXXQNajvtmqo=":{"valueMac":{"type":"Buffer","data":"H4DmaKKpQL8u2V9gtl5kLI7hqMUGS6CCNyWy2JRmomc="}},"wMYwEGEehh4OJIEJprYFp6QdELy25r5oTyZTb22OOCA=":{"valueMac":{"type":"Buffer","data":"9T1voPPz/7JVxgmSA6Ftu+eenclSX9BRWHoA1KzNZTs="}},"cKJOClFU1PBBVSwdjgpIdfV4aRD+doW+KRUVPESeZtE=":{"valueMac":{"type":"Buffer","data":"dFcNJQDuxsAtLldkyQxv68ABe1q65d3RXsX4Sq03bak="}},"g+z2GyscvncO9sckvR9PCivgokspAYgyb3L5ZIjUHXs=":{"valueMac":{"type":"Buffer","data":"vWhGcwwh0o1IjKyNWHcdZoOCQfcQysVtXobQbxdL6jM="}},"RvL06I0PULB9JiAg2ODmh4jxpizY7eiBIGTmfp428Z0=":{"valueMac":{"type":"Buffer","data":"rYaWI9EuC/+49NIUqdS8F4RlGFVx61Vn7OYT3RQbmgw="}},"+wYd6/QYOb3RUhG3X+6GUAeBYYEZc58eb1/m88Dtqsk=":{"valueMac":{"type":"Buffer","data":"xG1tPk1JFvGeGGXwrZKBl3Jp6CGNjyNPkzqVFj7LEVw="}},"U45SM/vzSZtF7r/zMJWDKgOgpXQGtQ1rpzUfQ0+nT4Y=":{"valueMac":{"type":"Buffer","data":"MjPO5Vh3uzvzxYqC+INr5/KYxZ0PjYKezJPZLwlz+qQ="}},"wwdOxafM7TdxwSI41Ki8l7BllCOoOfYgNgzTBbVfADA=":{"valueMac":{"type":"Buffer","data":"kDBCN0dTwnq+RFSpBASBqu29auJ9AdIZRX9NLkte+Yo="}},"JlM2R0Db5WV2jXN5rgPmbjGFEZK0us12cSyNa2XQRqQ=":{"valueMac":{"type":"Buffer","data":"S3hA9AH7E3bNB96UvwCiComXgW8menaKFtSzOv3xsgc="}},"sD34IElFupEqXkYdmD3uW/l4ytxMzX8Y9MNjLRfztKE=":{"valueMac":{"type":"Buffer","data":"FXfn/z/sdcnEpb9ya/aVkxmdsOiIZhfDK0aliSvS1jw="}},"86cs4NUkH/XLnUAcTDQLHm9fb8sMMY+2YiFDNXGw4T8=":{"valueMac":{"type":"Buffer","data":"baX3SaBiexODrMaFfoeQY7KO/6TG9joiMfEz3wU04eU="}},"mGtf6h3NQcuzyPnw0I0hOdhBYo+4Xe34wKDfrzQYK7k=":{"valueMac":{"type":"Buffer","data":"JdaIGdm+td6nHqORnsuY/BR7gM43XF8CtcKiC8ZYwcg="}},"Em94//E0DtNqPtq+RpYUP2N68DGAb+c/FFXKMEmKvJ8=":{"valueMac":{"type":"Buffer","data":"5XFWsYPYhTNFFuYXHkvby6gvzHJscKnwNc+CZFVd5wk="}},"uwEOQNViUOSOS3wzazN/lY6Qd18676RIHmFveSIhIBY=":{"valueMac":{"type":"Buffer","data":"/e51e0aw+KLI1fcMyMqNi+nBD51SkuEp6J/Ia9h9ezM="}},"/Up9zRSBGYr2BIA3ktW4R9l8LeEZVVlzeGb0QM7U3U4=":{"valueMac":{"type":"Buffer","data":"xza5fd2/xKkwQpCuyQ8MI2iJ1DsqVsIRCH4vSEYmaRU="}},"PJpkeqH9aOz9fTBnysLRgC6Pjx+Sb8WLpfZFJLIqax4=":{"valueMac":{"type":"Buffer","data":"E7L8roa4kUjdJGUQM9XN6IfyVrm6RMY0byc/ZOxBXnM="}},"uyDqsG+vsxDDXrb095T9AmwzJLYrljYwPB0oakGWyFU=":{"valueMac":{"type":"Buffer","data":"l1zjUn8xzrSiIhAegeW8qyTrZDYhNjH5GNMi1zkm7UU="}},"UIbe++Ks7UHuSGO8Jz6sb3nqKhUIDZ41Tgc5OlfaBMM=":{"valueMac":{"type":"Buffer","data":"jvBiPQO+TG989r90viydLtijcecMpOdE0LJ3Yqgk8NQ="}},"RB1mx4Jrec2c2Fy6Vc5wYiyL0mOcP6Cf5TyiPRbdAiE=":{"valueMac":{"type":"Buffer","data":"OAyDqwL061sNWoTO8t+IT0VsykDTSxejIRBb5tiUzZg="}},"5SCFzX+UI9AL0BUeZC5K5YCjfXGWF6lqB1IFFS9Pc9E=":{"valueMac":{"type":"Buffer","data":"y1w7PaPfv8h3aHGDHrafVxm2rmAx4U6ieYojztHw4z0="}},"6AEtNjMIvcVlD/kQvgpvE+RoOg4ByzupcCAT8k9iN3Y=":{"valueMac":{"type":"Buffer","data":"7KDeNX1o/2l6O7EN7Y0XKrCaLcyH5zz81TQ4NQmLK4o="}},"BE4rB/ZLgncCBWCRaY1VqtQpfwYwnfqnVDIpVcwXa3E=":{"valueMac":{"type":"Buffer","data":"+Vor7Ixd4x8y+wsRJhQEGAq+vt0m2IXRK//X6oqyo38="}},"/VKdVd/OhTyVOX52ofoKcyxPAufhT+HJvn7tWT2gFa0=":{"valueMac":{"type":"Buffer","data":"qOF9MUZUzKZU8o7D0rxFQzZFIKdCgWFt5rcp1Wg5sVo="}},"+dMJLdhuC+/K8Sgnkyhq2BwWtiWMk9oLRjrmpzyNDXc=":{"valueMac":{"type":"Buffer","data":"czkgz0f0S5VwkdEcgt54p+jC6hyH25sEXcsQ/RU0IyU="}},"rHIZwcreyIjChkRZ/nrcYc4cf8e9xcpseUKUTjQDzvA=":{"valueMac":{"type":"Buffer","data":"gn71h54QVkEMP/HNCAENlwLZtFSEa/rNtfbw1jf35lI="}},"BSYYzmj8vIh4h+UB65WqLfKIYc3QGHOe42Gi/Dk61mg=":{"valueMac":{"type":"Buffer","data":"W6NIkVZeTzdUmx4pzJACQBh0OO64THCOQomsY+RVKxs="}},"cczjbncs35s/pQuJD4rVJxwaVmdqOuSagrcQNemPZnM=":{"valueMac":{"type":"Buffer","data":"30BBRbhlg3nKEknQ+BCQWCpPQ2M9++bD/qtkRhnCaGs="}},"M/WLpGmGV9dYip4MF3q0u7yrX37Gi1RwvK/KpHPxmkY=":{"valueMac":{"type":"Buffer","data":"gd1h/OFcdevaxXrEZz4mfkzpKjsitN3d8wyERWRZi1A="}},"u5PEef9I10/QFovXH5qeg2Qlihl82AHHrg67URYJZIc=":{"valueMac":{"type":"Buffer","data":"jlkiMMBj3nA68nRoiDJXs5z5vnqsAZBwhaziVRaI8Pw="}},"PhHokgrEWs6KQbFrTgUcIlwgQax8iXwPCfD2WvtNL0w=":{"valueMac":{"type":"Buffer","data":"3B2Nn9ylR4WSpyDtJ7EOsG6IuE3UhtjfGyo9ou4RlMo="}},"oS8iJJc7/NptOj7Q7ZNhJ7YHLXrbiIjN9FU8cbONiMY=":{"valueMac":{"type":"Buffer","data":"SMmdgDVA3NJwFDux3J0XAVh/3sV6Y9hPmKbhBBLrWuE="}},"zsI9WKXhs3XDO/4D7+Q/RzRkr3s0ZMWjpPftnBcjTsM=":{"valueMac":{"type":"Buffer","data":"vJ1O5ZFesJfpOSKftlzuxZCXbeykL30yv4vuk4dNvkI="}},"JuiyGVbQ+TNXOXHbhjFAaM1JpDKxBb5YfGXSAD8rPHA=":{"valueMac":{"type":"Buffer","data":"l3FNtEc7EM/UKKvUYQWmWZW4QU/T1VFTFTDz4HsuhHM="}},"vdMIKQmafKzAEX4J2Ddw5y/ui1aSIZUJmnnNPodW4pY=":{"valueMac":{"type":"Buffer","data":"dW/Sd2lRgVOVJaJFEh3JusRrgwi0fGlBzg5cEjQfLqk="}},"rkKlpWlQpvA6kxobTD4KXOEzFYsaQgsFuTj6BEIFMtk=":{"valueMac":{"type":"Buffer","data":"8czAjx80crNNwHjVwESnPZynz+Sp6+svli8bAHvrEXU="}},"qZTJTEsXaQGDol8R/bLzn4ldrWFzZQkUNWJyl1N5NhM=":{"valueMac":{"type":"Buffer","data":"6FhqtdUckNauNMUr4Es4x7HQrVkl8wXnDnai+EkhIBs="}},"GSSwNw4fgSdVFaWOCO2XHv2OuMwLvwupcf+bIUbCDqU=":{"valueMac":{"type":"Buffer","data":"kB0sKGzzwadKuZwVp36qXHv/IOQlt2287h+aSUsoNTg="}},"w/ov/xsNuDAm+7/lZnrvQ41tJ2W3wneHyy+OjPkSUgw=":{"valueMac":{"type":"Buffer","data":"nuwQIjZ2jndicDuFxBX+IEoSU12YSZCEkDSqTnecSAk="}},"hrAxqr+rDNgC2tfg5RotWYtRJYfa573BtwoUbtmkFfE=":{"valueMac":{"type":"Buffer","data":"XVMYK2oh48z0c8O0yKyF9xnP8p3n+Cqztd5IbA5PkLc="}},"AVBfGMev1WDl9kMEvkG8W/obFNRUq0Hl3OsSz6N2BD4=":{"valueMac":{"type":"Buffer","data":"ptFfQpmTds3eUF3wSZlvbI0wq/+YO+GIgBwGV+yZPn0="}},"5wJGXDZvP6vAWmiMwrcBgSyAhRpO2ZgmPA4q1x811H0=":{"valueMac":{"type":"Buffer","data":"u3hqHzJlfs95FRPLmSZzESiQw9o95B0bzZ5Z10uTF6Y="}},"xxK9U3hVm3kwIMQ8jHxJ9Qm+bCaKSZTQ3fZEJOngSjo=":{"valueMac":{"type":"Buffer","data":"Mx9lpn5dULTClWTbciBBXKO+nJnrC5LH3QqO3hy3jSQ="}},"ZwVwaUyWNJoll1Px6O48ZeOmQo2l/dPuQNXOgrseFik=":{"valueMac":{"type":"Buffer","data":"FwOwpQuomJ9oH5+jLKDh/AiccbFSzRbYqpiSo4xeyfo="}},"DUdMV4mm7qI4ql7nGiYj7uHWJn4qqkxh06V01BetMcs=":{"valueMac":{"type":"Buffer","data":"M2jH/lblfUOP044xnrAg6n6GajCv0ok+sghaJtQ1dAo="}},"IWVJYxOUeK+/5QKSmmN23YtNiAoBXGumKDyD38jbW54=":{"valueMac":{"type":"Buffer","data":"TzwZI82UlKmQk70SIoghKlj0Qc0AuG97d9ON3zHBzA8="}},"gWX5hGosS1Fey4qRUxfiTkKYcy+asc+UAgrI1amm59U=":{"valueMac":{"type":"Buffer","data":"BdEB76L9ggc4nzSz1CJv9LX4vfM+yo82CFveWqeboCQ="}},"t8TqZ6fu8XwmwRaa6YBFqe6ad2hezxS8o/qpGOc8cBk=":{"valueMac":{"type":"Buffer","data":"5SJsORrcjzon++CTbLzOEiN7GczyabMnroBzW6PtOb0="}},"6f0hUihxsyrGeBjBIvOeFhX045RIFnjYcWxiwB4BDys=":{"valueMac":{"type":"Buffer","data":"Q+HUcn0xLLNFeRJ8aXIyt23TNtK+isyM16jqFQIHoaE="}},"cmU0UlH/EUfDD/qyGGhpetrNKuT3lWyEr2iWRppd/GQ=":{"valueMac":{"type":"Buffer","data":"/KBmBJLstK/aE5PEEQ//R7qkswi14utWtmdWCAzuKRc="}},"XMo2yy+C4LtyF7ZP8C8w5VMS2duT/RD3JbJc0hYfisA=":{"valueMac":{"type":"Buffer","data":"ziqkZWPgKe+AUUTeJEOe1/OCARvruEkTeaCo0oDXZIQ="}},"S3WhiDWvGyuhsWCnlHRNUUWcmJaxPfwkpzZTbqs94xY=":{"valueMac":{"type":"Buffer","data":"NmXYX4aMXMtLG+izDry83SVqxejcfbXHx/PQfXv7Nes="}},"15JHCB1QGPZdXkYR+KDpVAXBexQPjc0y/l2/QNX45Jk=":{"valueMac":{"type":"Buffer","data":"estOiZKBAmfyLA2tz8GPJ5s40WhOIDUTO2s+udNY9i0="}},"g/xNMaiNewKyAgQh+Bi+Tm0J0M/KSxyKAFqs2HcEI2U=":{"valueMac":{"type":"Buffer","data":"OoZf7csaGSzbpVp/Syl/EpOzZcauNUjoeJT3gobSH64="}},"H00AqWuoH5WFPor+xDtYlJI5zPjdxaNPSY5zjqIj9e4=":{"valueMac":{"type":"Buffer","data":"k5y4a+BMsNMJx3JhnA45giSevx0xbwpQGowgcUJIEr8="}},"+btUAryMFEB3LAtJpz9nnOuKiDg8NiVaBc1hSuThykw=":{"valueMac":{"type":"Buffer","data":"LAZpRKbcQ2JAGMg1Q1NTqwxNlwvKFJ5J3jyrT3WU03w="}},"YFeEMEiTnfX+4QOoiwghxUKNpUNPbaUZLLdqB1hCPC0=":{"valueMac":{"type":"Buffer","data":"fqLielKcftbc4vkc21anc/TUA9U78kL6lSVqOLmR8NU="}},"eVTA2hSYYBdp7GuEQB3GLr4O+kl017muN6gbd1Q2ojg=":{"valueMac":{"type":"Buffer","data":"n94RV5I0h5QC8fIfp2maj9BdfrJsYQzqud6Lh6tQttE="}},"5/SiMlgDopi4IffyUmiL28hiRJAlFcuynujK3650dQk=":{"valueMac":{"type":"Buffer","data":"3vNR7vj2eJQ38jD305rBSib44P9kx960YMnap3ZOW6k="}},"o5QvlxpwzdfkFTnZjTGBWQnAUT07K5x7ldEXRnpffNw=":{"valueMac":{"type":"Buffer","data":"nGvP5K6wyLgZsjFEMnjmpMw2+TRHGrqiFiaDsWOZr/M="}},"EE1GhLtfYGHhKtDCYiS3TVbc5wwxE2fDMCMiwBvciWk=":{"valueMac":{"type":"Buffer","data":"6vThYE4EM0nAL/7IHWo40MUrjBVmCKo3jm2OGELvxsQ="}},"m2x/wIQBaXAwu6xUEgMGYbm2toK53ASUjZ6p9wdiJuI=":{"valueMac":{"type":"Buffer","data":"F+/4OhXStvmDqRxsUQpKUXFh3uC3cx4Uyr5s6c+CFFs="}},"75MMedNMX5PRmgwkz+trCtFlp7AxIjgQQBz1mJvMaXw=":{"valueMac":{"type":"Buffer","data":"VsKiJNaKghyYOb846skJDGr/VsDlueYGNNHwlwJ8oZM="}},"c8WSxM8PAqphL/6cBsnTf/7EJFhxxJJwZabYF49JcaM=":{"valueMac":{"type":"Buffer","data":"mskYpKTPQ5AELoeMSWGeq13LIai6BjLSPOv1p6+ahkk="}},"wC7C/cGQt7ktdoOFL/G1JN2XPop8hetuBKP+NpXvnDo=":{"valueMac":{"type":"Buffer","data":"NlY0TkytABWA3Dks7cLIWjCSMt/zRQiIdqFrWgcdoJw="}},"47oL3que/0FkKyn4HVutwQBjcWZZkyEf9Z1bhsz+n4A=":{"valueMac":{"type":"Buffer","data":"ZsLyR4BXGzHa1jMxtehBVIf37Rqt9kd4GbpVMP29+/U="}},"PYBP1XNWinhmLQITqOzDoFGJI+sWITnP7SOPjHZNsFQ=":{"valueMac":{"type":"Buffer","data":"x8R6iYNtyEEUKxRBhGxcw/ZHbyE5QvP7n97q3l3X1Dc="}},"vriBTI17MVuhf2ZmidMinfOG6ozcOeHuEhaBsfH/czI=":{"valueMac":{"type":"Buffer","data":"yj8+wZyx9jE6syO/k9YmP0rKIVZrViuoXEfenRxePp8="}},"49MedkIEB+4yNaFhVSr3r14ZQ0VCHs/cCR8u2zys9ow=":{"valueMac":{"type":"Buffer","data":"NciQO+wa0XBrI/iZaxGbYvCaec/Dj3bHJ2/KGA/PZ48="}},"fIev4B73Az3+ehz45hWre4KxoPMdq6Ipl1nP2+uUjrg=":{"valueMac":{"type":"Buffer","data":"5M4tElHiQERmaa9x94xTb7ca6A+7qQ0bwl7O7sH68ZI="}},"sW1q4iSJk4yQRoGnSHf7fzeB3Zs3s5yZnD4+InAAkCU=":{"valueMac":{"type":"Buffer","data":"1JCXENoYV5ePP6b29G/2gLoOEjGo1VWJaO7X11S5D5Q="}},"sm5Mzj/RFJJCmkoxA1ww9iv7Cm7fzoEqdnCi/17tsVA=":{"valueMac":{"type":"Buffer","data":"X/JjFI4uz6/EQ3ENg1ozGNTDeoc4phNfngSrVwdylNo="}},"7fLhTBmPUbf7n2lRrFdvdZesQ9IJ04mEqSZk6q6PWV4=":{"valueMac":{"type":"Buffer","data":"D5x4i3poT248koqFDCdA8elV5gVO4qWbDUnOKVNdODU="}},"k/yKd0G6hdbdAW0QCPOwRifVkJXAYQUMhqLmCA4Zgbg=":{"valueMac":{"type":"Buffer","data":"FqnZYk6FwvzivzLyRa9cE16WjNon6xPmw06VN4MoJvI="}},"jhQXi4oVXjq5DEf+FvJEwD+vXtbAg7zpJD0vdeLVpKU=":{"valueMac":{"type":"Buffer","data":"/NtIu79ud6NNom/Lj3K0awEdzuShPjYLqApfTHYrsiQ="}},"Iw++/CLp0+yOx9HBKh5HapOjaPt8+yGTC6+RU/6+xuc=":{"valueMac":{"type":"Buffer","data":"Rr57JkEpSQxRdNsE0Myrzw0hzEdv4DtDzZnTA1rXWJg="}},"x6ngwlAeyAo1ah9PwibH5rTGpHvbZP9HsuHtjCrKqnE=":{"valueMac":{"type":"Buffer","data":"ISgEr3ZtkFCGnUv8V6cZLVmqrNZepK1tsM9Qth39J1U="}},"kDQ3BW7vc6zeLd/MziJs1xpTeYQhiGgzOLMjVScg2sY=":{"valueMac":{"type":"Buffer","data":"sKiGtTbUt6PgXIG+DxUn7ruHPKBVFWSW0B05uX/zHaI="}},"2scwX9w3qNk/loOH72T5+fdpGQ9nmHOmPwP5qtPa3U4=":{"valueMac":{"type":"Buffer","data":"wLzseLtqF0toCvk+3CLo9HOEF+cMsi+UwNzxh3ACFLM="}},"vql393to/w97Ohk8B5+zGxIcDRZlqdi9K2iGsDGCEVU=":{"valueMac":{"type":"Buffer","data":"73TyCie5PFz/nJAb6KjDxizH+0wqTm9w5dANjm4sWc0="}},"2XLHf+72sGqX2+Zgocec5Txq8UUZcUaE+a0GKjcd/KY=":{"valueMac":{"type":"Buffer","data":"mGm3tfR1aJVYCBH7EWLZ7IJ5xdrinUeNAdkxuXXfVjU="}},"15s2iPx+99l5o7krfzVhJTARG3EaJq/R4+f6shA0OUA=":{"valueMac":{"type":"Buffer","data":"7tvI+6/6qWPjM62g7p/l50wwMMc/7lSuC88QSSaiji8="}},"76+9+BokiXNIkCZSCRU+dGfww2NAmuIg2u9FK78UeCI=":{"valueMac":{"type":"Buffer","data":"PxU5Pm6MqFlymGLlQse4qyhZhPziyBXtYIPM+7LRTR8="}},"fHxzumoDqDLWzVXaVazl4rpC63IMlLQQaxV4r2KcOVs=":{"valueMac":{"type":"Buffer","data":"Xkug75+90Jeu63OQRWYzBDQoF1ypYQW975OICBOuCkM="}},"hDMzugwY212suGcwQz+BKq9g3hB2mbpPmdJq59f2P3c=":{"valueMac":{"type":"Buffer","data":"hKXu5qC0OPLbT8d7FUNThOTQFAQkaLQxwSFMh1zPIpk="}},"/5lQ2XlEQUfBjctlM8iWq4rJl0F4sWKHuX8FVkVLIeg=":{"valueMac":{"type":"Buffer","data":"MRbsfC0Pg7DYXp2mmI3+2XsLFgjvqKYdqu7owuR6Mto="}},"yb7YQKTYGO2XtMk9XP7DA9ibOqOnJ1pKsEnq7j80Otk=":{"valueMac":{"type":"Buffer","data":"CVdKnbsxSUTtNaTzu/Ouw8nqQnV+H2qMWU91ow+HrmU="}},"2sxTtkAQ2+Qw2HG3pXwjAOzkssW6dM/6GUkHKE7nWUE=":{"valueMac":{"type":"Buffer","data":"9P64gi/7/lke6bVMx/FawVL2vmpaHEfPKYv1//n5zOM="}},"WHsy5z7hnkCxG1fPlWApdbWcpTdyaF8gH4R8ef9scEI=":{"valueMac":{"type":"Buffer","data":"jzNHnNyAmsCc1VdiCP/CpOy9GXb0XK3+1CODS5KKYAI="}},"Ck8qU4l/p6j+bHmsSb1JF98ZDRZP0gGkpM6b4DTOepE=":{"valueMac":{"type":"Buffer","data":"e+BnfySFF+MjD+V18ZO8rf6wVPmvvST6NW01vrAggkU="}},"8NfdgD4/FjJJi7NhhoqHFZt0UZMkQNNV4KufotBuVuE=":{"valueMac":{"type":"Buffer","data":"8ECsbTmt5C2ruJjEgl0VEfZX8Crrs5C3xZUiA9ERUBI="}},"qZcpJDprXalEuiAeKkcv6aMp2aNy5HWuxI4zVx0PeLM=":{"valueMac":{"type":"Buffer","data":"AfBwFLB+p19MuWg3HmelLZHr4zHGmZ18xwDwNBEvd80="}},"avwiLxdeD3n1qx3AZzeQYWuoMbm8rA6Xgiob90jdLf4=":{"valueMac":{"type":"Buffer","data":"4DbceJ1QfmzrFAWzfYQPq++RCAaz/EQyvZAHBwlZHjU="}},"7lo13pjyoKN36EDdEevbbxCujep9MP4HttV18hnKy3E=":{"valueMac":{"type":"Buffer","data":"UV9Vvt/Ys7+eyn2tsCAbcnGldQgmUL2A05bN4KEuG1w="}},"55G6WwX9u8P8+lxhTnWxsKp5v6WVsO5FT/PaxR/4OAU=":{"valueMac":{"type":"Buffer","data":"Q/WMpGUR+Xqnx5w5BPn4Frc7tcqETR1LyrLp38RkmcI="}},"pM08Lvr6Lo/kiD2MLU+pFvmWke/N2ozE9HplPjll9rI=":{"valueMac":{"type":"Buffer","data":"10gMmq6H1PomhKx78QvLs6M5QpHSUgtedCBeONAxwMA="}},"o3erHTUP/2vZCsvtEmt7tvL/i/CL0oD6TB1biFcu9G0=":{"valueMac":{"type":"Buffer","data":"/hyoEhLx8fVhHL0GfvXJPfcblFVF4BUHn1rk/ub+ktA="}},"if5oquChLi0Fra1bo1+NlGg/QLRWnwHoA7UQUu91spk=":{"valueMac":{"type":"Buffer","data":"/+mKgKZbbMnfqRRnuPkj02Ne15roUL5uo039T/I4fIw="}},"tu0JN6dSD/Hdc3VeyQY189mBR7mxW1BKokkTcLSFqc8=":{"valueMac":{"type":"Buffer","data":"tsrECXLn+PvuvI+SWLBzhp4Px62r/kctL53tU/DTwHU="}},"CUpBZbftUq2gK0ck0uB+L0OU1g9FnH347xSEQid92oc=":{"valueMac":{"type":"Buffer","data":"IdGJvG5agWiyIOwR+YyCPjg975kAo6qPhXoZKKrmT40="}},"q1QspYlFfwQABGQ8cOC8/qY212AaVlVI4om4dZItYws=":{"valueMac":{"type":"Buffer","data":"oe9lmKSZw2z/+hKHkXL0QjKSyLZQJyyg/PK6/Lvml68="}},"FX/g4uKAtR5Vm2u/YWeJ7qwjP/iVwQOzXe6eeRqkY1Q=":{"valueMac":{"type":"Buffer","data":"Nu0gCHd1jPtwflMpXAdvLL113+dy55JUoTXKjngX9Os="}},"9Y+P5oPFomwAJfQTUy4J1RGO+xnxN0rwqI0ApN7OZr0=":{"valueMac":{"type":"Buffer","data":"drO+M4sme6eO4heaQKFaYO3yOiAFeChqRCYtRx/cM38="}},"JbN0SXDlBTRX9NlSyAFu/w77dIzQV5K7WmcoOuIZjOU=":{"valueMac":{"type":"Buffer","data":"lAKgL8MJiPk54vhDuqllY0HQ4PiUZoV1QnxMK5/yvIk="}},"IfSZBehMTgxAelBvio0jazqt7c/AVTFbS60wOwnKg+4=":{"valueMac":{"type":"Buffer","data":"lqUt5dpBfsD2ht4Zjb/cF7K4E20Tdk4IAgPaNFzhcyo="}},"n5uclFK2y0SQXDiCeKZs/QGUX2fkC2mEK2yrCxEYWmA=":{"valueMac":{"type":"Buffer","data":"S8XIcTwMd1gg8c+7NTzK6M0SXVVcQCkcufMx0gu8Sgo="}},"pvrg315IWieIghJWdeWEtLuAW7gaCHnEcfPJDwiV2K4=":{"valueMac":{"type":"Buffer","data":"LjTvt64xy71gMFy6zYgmVp8oxBS1uoND4FTgxXF1khM="}},"Ijo8XGnIQjGozNe05HlWjJ2LVXPaqB0mcxCk+WxBLtg=":{"valueMac":{"type":"Buffer","data":"QM5U4HNL8SJBUzbPmwVvjm2Ne2ntwrKwknFBkGFeB6A="}},"vCdcKAd0OxbnYzZzbkRC0/VQBuHOkmW+DwJ4bd8gC/I=":{"valueMac":{"type":"Buffer","data":"EznSOQOySQ64ZeA23qYGx4ZEugIPv+IcHu95nEb7HdA="}},"2d68lOIsJ+2Pwdxu+tSAB+voVqCWmSAA4R5uZkyTt+w=":{"valueMac":{"type":"Buffer","data":"3QRNwGN3Zdz1FzbJe1QAX9IEB82rOCKJvT6rUeNBxFI="}},"uVzF/JUmflPQi06sa9hq2XuGFq1Sweo/QtJkSSE8b4s=":{"valueMac":{"type":"Buffer","data":"q5yENYUIwZdaiRXxcMEartzBkhUoqgT6A7DcM+Fpvqk="}},"tjvG82uCrh2cNV1ri4uU2nb+qgnXxJI+JTeEyzNtST4=":{"valueMac":{"type":"Buffer","data":"ApCjqnb6r9BUQ2ganZ86/wIgCY/6h2t49l9u/dMGc3U="}},"MUMgmH43WrZkG2zv41ReOGUQX+n3MsxTf/5VCeidzIc=":{"valueMac":{"type":"Buffer","data":"/iXTel2zM98hd8D/TD9rrYS3AaDqKz+PLuZX3hivwOg="}},"xeqkLDju54YrlNdaStdRhDNYNaraFveZ4iN4GC2YOJA=":{"valueMac":{"type":"Buffer","data":"zXeMD0j7agtKn17hHyVJg2txz/NYWtUIhgcUzQvHEfE="}},"Etbp9/4IT9af7SamZxp/FpYfrKbXy4SSNYSC8HTRATY=":{"valueMac":{"type":"Buffer","data":"H52Rks4rfZpwUQc663J6v0kyQsW1ycfbl335a6XDwmk="}},"c1l96EN3qvUhuUDWOX6nGCDbalk2wLQNJLSLXpBTlo8=":{"valueMac":{"type":"Buffer","data":"fAY9jgBJamtWqwiTluKpywCdmZply+Rvtf6VHuDotAI="}},"4Ve/BcZEjSL3nNSusOTzBFS/pp+WOKbXU6romiWc4Ko=":{"valueMac":{"type":"Buffer","data":"mQoqsSWhGW+cFuc6vwV2oUQX1SfObl+tLHpSo+6YWi0="}},"+zwDVzBaEV9RRwQF/0hxxEB7TRyQ1dxLjOo9yOyjWFE=":{"valueMac":{"type":"Buffer","data":"A2/vMolJc4t+cbgVdQOSINFgxdhR5hGdfvJgcrvoDrQ="}},"NOKOsbHScrWSPCor2I2A/uXWtBFRWuamL4/gKZv1t/I=":{"valueMac":{"type":"Buffer","data":"705BMSwmkodwQvzt96He7lv1Lkq2QVh9CWzMAsaUHjc="}},"5teom914+LIzUj/qUi1mo2kASTKfLKjKfGN3+0XvKKs=":{"valueMac":{"type":"Buffer","data":"Phjrg3w/G0ecl1OwP5Wqg3ijQ3/F+5HzJf/ndR0tERY="}},"IrJS2k19shUczIdJg4P8V6m8ydBVtlJNj/uYXyi3awg=":{"valueMac":{"type":"Buffer","data":"HnwFPQSzPqnQmzChdmSs50v1qoAUb8LZKAeGMEvaU1A="}},"Nq4K1D8c7GOSEK7yz4Gwg+0e2tFVMJx3x6qvhSVxpKE=":{"valueMac":{"type":"Buffer","data":"7Rkqq3LBhG88992nm44MiV9vW+/WvGkh/RjAlMwqJuU="}},"q0F8Cv4urabDX8HI/F4DAlQmPgxjQ9cQhSxIGgwhdDE=":{"valueMac":{"type":"Buffer","data":"otcMgYhNSGIB+fVYYRMzoJ/q16dHuE6JiKBHk0Vas6w="}},"i7bWCLi8gN+GdZzOf/A2aIw8SuAKwPumLBRKN11cthw=":{"valueMac":{"type":"Buffer","data":"mmi3WSj3Oq6O1HFSYYFJRvlkxe8VFgzo7u7/nJiJ6bM="}},"ngSrL+S3TLw56dON3jc9R3gTkalPtnQg1VoNa+Y8B+I=":{"valueMac":{"type":"Buffer","data":"ad0S4F/CZE8HJSRdTjguqMJs/OT+SkBSaB4gOvj08hQ="}},"vTGz/WZzXLpI5fzo5nVpI3W2sTk9Az0lBTEeUiGdvsQ=":{"valueMac":{"type":"Buffer","data":"9o+V/Fl4ftYjQBzrbXwJDwTqNA70c6Lc2hEZbGMcoxs="}},"PDb0M5NAhSQw5V+wpT58fUWbFdukyZ16jBzz2gSCoW4=":{"valueMac":{"type":"Buffer","data":"ugn6uSe1zD+6YRZHK3ZgWHCSrdtH4ughjpVSGMeXalU="}},"xF5Fym38Aj93jcBG4wcV74BY5310mSlzwx+Dmk3LlAk=":{"valueMac":{"type":"Buffer","data":"bRRzSnQP7avEiPeM98FY6yE+CCJxVmmpxmMKpo3HE9o="}},"DOrHjOTLiReVYUfY7YoDe5sFegbOKSQjJmdGb66qfFg=":{"valueMac":{"type":"Buffer","data":"B+nHS8UPEliMd7MXS5dSYPEdSyKJZePZe2VriSW6KXM="}},"yLX3CHrCSoEGZUH3kVWQQ8PSbeHwewy/vRIbh5Gl88c=":{"valueMac":{"type":"Buffer","data":"k9gXbostBHFwQFWv3w/AJgykPmhwIB8RYq5h6KnLfNM="}},"M+6elLwEEhdqSGncx6aLK0tzDokbCADpKeCQpmq9rvI=":{"valueMac":{"type":"Buffer","data":"lZflBs90y1fwULZk8+Fg5LWwEodhiXczGvJDpJPA1nM="}},"ACLwy+fNlPg+QzS5mI4VN6fLpbqTj+Wwi4Iert43lR8=":{"valueMac":{"type":"Buffer","data":"Ctdlbq54yL6JTgXfEgziAAHHdZHRopliuIhVeqzPSUw="}},"9cl7xtI0LBtZsnrkW4FQFGc4JEdoxcnAVjaFz8oV1ng=":{"valueMac":{"type":"Buffer","data":"VTBtzT96i/DMkMEGj9UGGs9VU9o4eHf6pm0zHhyaY1E="}},"0mkWs5/hM/DbmUqHS8wO6GYnptzmemfgkqVD9GaUP7c=":{"valueMac":{"type":"Buffer","data":"aPNNBpDOtxa8fYx1twFrcGNj7XDni7pebRd0ImTapLE="}},"se9lGwpU4RHY2YWIv19aGTWIZ0PES1+SNziYBpb4Go8=":{"valueMac":{"type":"Buffer","data":"XXP5ol09UGhcCcV3qIpOaDxHUDe5vUUXwadbwNzec2A="}},"TqV8MbY1xjr3VxURgokKiTr7yQoB5wZW8oL5B4cH1Kw=":{"valueMac":{"type":"Buffer","data":"iAdTOgr+iMx9gFBlDSEU2cPV+BPkd4AAaqbdsWohN2c="}},"8XC6hzWtnX292Tmi0OWCgBv0mGEImRmzsHEv1LU9j1A=":{"valueMac":{"type":"Buffer","data":"LoFiQxM0fqF9ZFYzV3zQ3EehQHhaohPveOAwmgu7ucs="}},"z7ePwagrErh0R6FEo4w/NjT72jSNVPu9L821MMgoyDw=":{"valueMac":{"type":"Buffer","data":"Mh5qqw128itcIyjI6qphrufQRd7s0x3d/mPftuV3q1E="}},"UXQT1PlPdugjyvM3PZ0HxonSgoo0jmyfm61GAVEexR0=":{"valueMac":{"type":"Buffer","data":"pdR9ImbYhMYUu94C3PjpuytczUxtQDATXaKJWotS4Wk="}},"s6Kz3UXXU6+euOuezlbjp9jhRD+XrcO3c0Uck4P6yyo=":{"valueMac":{"type":"Buffer","data":"NSVEp5GD/VJViUPJpOHJnBoqmmt3pF+2WgGTOZPeI5c="}},"pJ9Ddc7fUyOb/Bsj8kDy4xZvHaFPnjqbIPNRGs/tTAY=":{"valueMac":{"type":"Buffer","data":"aONwpeqD7JjSNaaFYtrZHuYP9HELf830bjqVObZx88w="}},"O5Dv+BykAdfesFfI4zaMNovk49kApm2Q1X7Qp6qF7IQ=":{"valueMac":{"type":"Buffer","data":"8eARIGHjsGlMPpCng7H0yUPlYu06BabRNH/zRpU87D0="}},"a5P4x2m3JTfcp0mHZ+YxNVzcSMCCm4N8pAf9W331CVU=":{"valueMac":{"type":"Buffer","data":"E0uDuz55BM7RRrtB4zjBRqo9vFTuF/e+t59isw5jK8U="}},"Ic+PDjdlACLe0aeOoJAD6B3waGT0YpFjtmpNV8Kk/5U=":{"valueMac":{"type":"Buffer","data":"Fvpwvnk0M/ix2xhLAvBeEi3cPuemFblhiSSN2AUpGEE="}},"mG/dVyb+TQxcrX5MGc0kWI9fXdwTq4YAjeva0fJOPpY=":{"valueMac":{"type":"Buffer","data":"biSbPbQJDPEYBBhOdIxLbZCqiW1SgB+nv0/Ac1lr1bs="}},"PpTf7CJCwA6OVEmlIAylBaTZwkCAe7kQIm9P1IiB5xI=":{"valueMac":{"type":"Buffer","data":"V3f0g/vbmAn7IVPPK+DzBTWLAzQ1wLGEzyZl+8QaW08="}},"a3xb4VTNb13Zmz3cV/D+0I20uNNCXK2sgkhGHoBiHy4=":{"valueMac":{"type":"Buffer","data":"5vH9y1RrUjFmisGX1ifbASAW6bL2xfQVesqd+XKzxgU="}},"Oup8+YqqPHMcvpaIBDvxq63b+rQ0VYwUNZgbAz9k+7I=":{"valueMac":{"type":"Buffer","data":"dWyp6nyYG5Cv+0hCH7qak65QKVPR+xvPeKdzCZGmlZY="}},"TdlmlmwQhxBoLBf611XA3h51E0gWgOWr/ffSy2F3i0Q=":{"valueMac":{"type":"Buffer","data":"3/EuTu7WCNMoT/tk/wBSTRtqYhgiaKgOEzyDnWtkSGo="}},"Q//W4Ca9ZlKVps1iCkcWIFV6eiSymRlD7zhLhWAC88k=":{"valueMac":{"type":"Buffer","data":"/nFSE9ZjJxxE9kNz0LrO0gl/WAhrkyegAi/J5Kh2LFs="}},"ay+W9172SUb4D0faGmsNerOWy7aaT8rWgakUia8ZEhQ=":{"valueMac":{"type":"Buffer","data":"D+sxYJvSEii2vf89d+/cHBN3+fLedNGImtak0qQcJCU="}},"qXCziRaR3BEiiBoXutE6XfX5KDc72SCO9F+9Dymk1fU=":{"valueMac":{"type":"Buffer","data":"JZ+SnBzQnmB2D/yQFfeif8YjUDg6jJLTEdoSGoOZCCk="}},"fU6d53SEfjfljB08MpGbuDWaXIO/ayyTyhwo8bTE1FA=":{"valueMac":{"type":"Buffer","data":"WpMB0AOIT3uFr6zwzbx8z5eErzGD9V9WJC/BD/FHeiw="}},"s/bMkioOn+HVJuu4us2bsA9l6vtPrASNIV0VyX9B8is=":{"valueMac":{"type":"Buffer","data":"lzHxqAVHMQ4w//Wfr9du8l0sG6MzSdyn3juuKx6fMIA="}},"a0tkzMIUyMISaDWywM+xQS4vusWMaU6UURUf4+O8mIQ=":{"valueMac":{"type":"Buffer","data":"gnXs1y0oAYuVejRkDEPLKgRIr6ibgQBMakQx9emHwzM="}},"2RLCeqfUuA/ROXKQc/Tm4VQ1XyjwVLz1XT8+Q8+TNro=":{"valueMac":{"type":"Buffer","data":"jBPQZZ5YQb+vuVTpYZJoD/Z9UDL3p4/mKZsZYA9Ty4M="}},"CmAMluljk4dx//uhlUZ7i7P7b8E8LCIOFeBEpUuL7V4=":{"valueMac":{"type":"Buffer","data":"dCBwyV68fd5WtReYquq4At9Bm9zSeg3Vs0mcCE6Q/xo="}},"zc9YKOiOACoMajOMzgq/ZNkyTNwJvBYeKhhjiF2rHLc=":{"valueMac":{"type":"Buffer","data":"0TauOHy/+Gnx7fWs8Oep/hzRmeQyYdHaIsRQF4WceSo="}},"y3zBulqPxJslCXKZqXtGhjGDR+rq50rhvSJtRf6tRvI=":{"valueMac":{"type":"Buffer","data":"YhpViq6wsAA5VQ1DDrtAA3DoCeDt6PQBcgYWmu8+82Q="}},"DCLQclpIIQl+R5FnOGCJzqJ19t0z0noNjHjNjJ0+LpM=":{"valueMac":{"type":"Buffer","data":"ZhrbDZOBQqNiwvpmCjp5CHYGW+CCmYsFurvTIB3bY3Q="}},"bUcxSFS/DNvLx+KNouOyrWEATD6KheHoLbrL737EM30=":{"valueMac":{"type":"Buffer","data":"3VYxbsvf5y5IegZRfygIIuCOxS898RL3TFHIbMPy/ow="}},"ATRn0VYZokjKqYJrsUM97+57cJ70vVBvA7T2U85+G9o=":{"valueMac":{"type":"Buffer","data":"u7gHzqzWVIeydH3Am/cVtWMbM3UL0LyQVOO7yJmh61s="}},"uCcaMGL6rtmD+oSAiYBIJZ/CdYGmpfeNk5QaKsBIwno=":{"valueMac":{"type":"Buffer","data":"IRISSbPGpNPH1l2W4dC49eIP3zvKFNFAOsbsIGnBfvU="}},"TV3iclhoyH/ke4PzJaylL6QeLg2Mm6Y5iFztVh6c1qg=":{"valueMac":{"type":"Buffer","data":"l7sK2wWIEi1uVDYxcUsIu6DJiHxj5P2xl2QhttgiiSg="}},"vnfz9Rm7k2BhRG1/U4bYKRCJKjXYFuMOTDdSkkK2s80=":{"valueMac":{"type":"Buffer","data":"fHGwL3trELpCyJ99ZOYghnCr3Q0THjTWRlbiH29mKB0="}},"DwCOKSLWR+s1+jGyvGCy9w+i1mxlq6bQMvOC8lEu97s=":{"valueMac":{"type":"Buffer","data":"cEryabUcjoz0vJS+X6ynIRtyWYzhjT4DkqmCDkEvuU4="}},"X9VxY33gNKpEcMn4NcCNNxfiVX+4TwjkTpJul/mJPHI=":{"valueMac":{"type":"Buffer","data":"FpLTztb38/cFIoNOD78sSRIXzHY+OVzIW+bLxh++udw="}},"ptGUQznySyzyOwhd159JHtInEUlarlgolYhnCt16uRU=":{"valueMac":{"type":"Buffer","data":"XwAQ6XvRv5blSUymyf0Tcb/R+kPr0Gj5aPNnTUmnl5Y="}},"0yI6SXwvxfxCbZ6TgHHLGD9YeUb/GhAoxPQt6LJA0kI=":{"valueMac":{"type":"Buffer","data":"LNKVXFFROhjJYckcXNp7IUl5rkt5adA8xt0OatwtG1c="}},"get6YpA7M4uQQ6MkUkB4vviOn2hfNfHaH50UwhoIU3w=":{"valueMac":{"type":"Buffer","data":"UTz4IyXJSLdk8QD/iPZ79OLeIAmKKXKO6MwFUHB5lfo="}},"YHpzInlcgQOR9IIZ9E0Fr7c1ZU7k7+gmp9GlU9cGvpY=":{"valueMac":{"type":"Buffer","data":"Axnu9vK/etK+YI2ZYuIwTsZC6nBTknCsaiNoGZvkBqI="}},"Oh2H4WyMHpHFVYnc3qqbaMFNnbW57a16JJtj+VbLQ0U=":{"valueMac":{"type":"Buffer","data":"qG2qU97UIb8ZesxWh4tvJ0CY4nVi63kGEnL0hUwUk5w="}},"VDsEvUaR+/nFhYxK8LcTKHmDoDg3LyNFTOdYlq8cRCc=":{"valueMac":{"type":"Buffer","data":"RTez9KRd/ZD/8xM1Livhjb8tkRraHZVdP6DeTaJ0GZ4="}},"2PWaiUSGQ2aFKjUyDzauWogV4UiHOnx0UW6vneMV+sQ=":{"valueMac":{"type":"Buffer","data":"vFqfwek9YIoglRuxXHLGM3GPpeZR8S0jNWWocfhsDg0="}}}}