{"noiseKey":{"private":{"type":"Buffer","data":"QMcqec4DwiB4TxEfh7aLLBVCMiW/MmsiQr5RqedFu2Q="},"public":{"type":"Buffer","data":"fGLdjsE3dvZqDuzIyLNALpZzI35VzdG6mCLPvQ2hWDE="}},"pairingEphemeralKeyPair":{"private":{"type":"Buffer","data":"sOhsR5zVWG3NRipP/umdN/VQF2FX+San5vh2Iudi3Vk="},"public":{"type":"Buffer","data":"n3gsnQh89Ex5H4UVLcV4j7zdiolArwH6bgPtbgE3bRQ="}},"signedIdentityKey":{"private":{"type":"Buffer","data":"ILWvyXftt8uUb1H9fxURUyuvx0SV2Ab1u/Vr4cskP04="},"public":{"type":"Buffer","data":"vVvgKTdNOCAYBTjid4vn8Bczk+tVL9/lQJowWp8zi1Y="}},"signedPreKey":{"keyPair":{"private":{"type":"Buffer","data":"iCc+esVrkuc7pNtFaanYBD+1K97bzERuNHWNEAEbB1Y="},"public":{"type":"Buffer","data":"q1TZXbGsj5XtFdJsRft13M8eUU1ji82Vf3B+P2ucCBg="}},"signature":{"type":"Buffer","data":"T5pu383G8SmnWcm73m118oGOVmX5E2sA+uN9ZBepYu/SE9XHabfg6P0YbOa9CFW0k8b52F0oIwdkKQck644Rhw=="},"keyId":1},"registrationId":132,"advSecretKey":"xnhJIbJpIPFYXlu6q6M+NfgWae+2Sv5AHHK+fBhKJu8=","processedHistoryMessages":[{"key":{"remoteJid":"6283846732434@s.whatsapp.net","fromMe":true,"id":"950B889F3958345DE6C182C9A3394BBD"},"messageTimestamp":1713589770},{"key":{"remoteJid":"6283846732434@s.whatsapp.net","fromMe":true,"id":"FF9ADDD95970D90974F59FD87E74E3DF"},"messageTimestamp":1713589771}],"nextPreKeyId":43,"firstUnuploadedPreKeyId":43,"accountSyncCounter":1,"accountSettings":{"unarchiveChats":false},"deviceId":"8pkyWcVqQkmwgTse4nh3iQ","phoneId":"44348f4a-1631-4cb6-aea2-6b6c30bd9ac7","identityId":{"type":"Buffer","data":"LUMNqZCHSJsh/Kz8+8XZX+99Pqk="},"registered":true,"backupToken":{"type":"Buffer","data":"og7yHqf56WtuNzAitu3t3QWoGY8="},"registration":{},"pairingCode":"4KMS6K9Q","me":{"id":"6283846732434:16@s.whatsapp.net","lid":"188068497735866:16@lid","name":"Who Me"},"account":{"details":"CNjJi6IGEICcjbEGGAEgACgA","accountSignatureKey":"RpZse7Qm9k9LwXoiUae+/PIAapHhhd6tOiEMvs85MVQ=","accountSignature":"tK+p2BJs9TrX0VAT6TssZux8nW9CpcGhVDsp95AqYZBKxa3b4mIz0gPUkM2aoHSMYvL7lK+nIOhgRK+cJgGaAA==","deviceSignature":"sm7ftUfuhXLXOqgp9GWGSRgU2dqkElkx5SBSUsv8HLEUVbWJKq84ztEuPckBOt3CcUnu2bgJyNwRLh3BXpw0gA=="},"signalIdentities":[{"identifier":{"name":"6283846732434:16@s.whatsapp.net","deviceId":0},"identifierKey":{"type":"Buffer","data":"BUaWbHu0JvZPS8F6IlGnvvzyAGqR4YXerTohDL7POTFU"}}],"platform":"android","lastAccountSyncTimestamp":1713589995,"myAppStateKeyId":"AAAAAI0U"}