{"_sessions":{"BROr3OKsI3pAlJ2rg+qtHrWhkHpQOa6sm6A8qjMcyvs8":{"registrationId":294723107,"currentRatchet":{"ephemeralKeyPair":{"pubKey":"BQWLBpnuP8LgThFGzdeOW6jV4U2bZuboEPA6VvOENqlE","privKey":"ODEK70aJT9Lis35KXMkd+2OrNdP+iJY+bURhSnjJRl8="},"lastRemoteEphemeralKey":"BYiTd/FGEFuIWqj4Ymk0bO5qO6e3PmhzsTFUd3UXgo04","previousCounter":0,"rootKey":"5Z+PgyuzbDU+X6qFblEE7ZxiOBwxmw1HELF5f1KAEwg="},"indexInfo":{"baseKey":"BROr3OKsI3pAlJ2rg+qtHrWhkHpQOa6sm6A8qjMcyvs8","baseKeyType":1,"closed":-1,"used":1713593668371,"created":1713593668371,"remoteIdentityKey":"BfIOAOvtgGJ5KEMRJTI+CcnyitFF2InZLQUbNPZ52p9c"},"_chains":{"BQWLBpnuP8LgThFGzdeOW6jV4U2bZuboEPA6VvOENqlE":{"chainKey":{"counter":0,"key":"1IAZV3qmHyKbSwMQssoi1LlfH7GHeR7717bbW5jH2D0="},"chainType":1,"messageKeys":{}}},"pendingPreKey":{"signedKeyId":1,"baseKey":"BROr3OKsI3pAlJ2rg+qtHrWhkHpQOa6sm6A8qjMcyvs8","preKeyId":8452004}}},"version":"v1"}