{"_sessions":{"BV4ZYfSouo+3t5mCsofq0kW0d5mkAaik+04acBAVQ4kI":{"registrationId":1715508374,"currentRatchet":{"ephemeralKeyPair":{"pubKey":"BVyBYF9Bm6SdmMyqoYrYrmglfBUZkWpZ6xz6+vcgCmQo","privKey":"oBAWlVP98P+mmn0BA7bl+ngXtVQv64uSGSZLyFMYv3g="},"lastRemoteEphemeralKey":"Bad90jET7J8dn2+M1nEAE5MYNeXt+6vTNmRyF6BPN0t5","previousCounter":0,"rootKey":"2s7AiWEfw0tSJKcfVN10llGq7x9cI+CTudDuKRm15Co="},"indexInfo":{"baseKey":"BV4ZYfSouo+3t5mCsofq0kW0d5mkAaik+04acBAVQ4kI","baseKeyType":1,"closed":-1,"used":1713593668483,"created":1713593668483,"remoteIdentityKey":"BRCAxDN85cRB4/t2aJzb0GQGwgpfg6mWLxv43ff1d/MF"},"_chains":{"BVyBYF9Bm6SdmMyqoYrYrmglfBUZkWpZ6xz6+vcgCmQo":{"chainKey":{"counter":0,"key":"P6Fe+Y04d5C9Aq9WAPvPHmgc7QNy51a5wHWzCZ51nUo="},"chainType":1,"messageKeys":{}}},"pendingPreKey":{"signedKeyId":0,"baseKey":"BV4ZYfSouo+3t5mCsofq0kW0d5mkAaik+04acBAVQ4kI","preKeyId":9922738}}},"version":"v1"}