{"_sessions":{"BZlNjXf46wTbwhR7C1p3A2YJHJXQ28du9azklltZIy1w":{"registrationId":1581876048,"currentRatchet":{"ephemeralKeyPair":{"pubKey":"BUOyd7Vwb4HKziDwbmBDpt5ms4E0yDqtkYAPrOwmGyFn","privKey":"sCG57ZgI6chti3w8uuLCGi0QuDa+o8KoMbQftdVmokI="},"lastRemoteEphemeralKey":"BS2uXiNrslLwEhikDxz4PhET34gBxL/QY7AtT8/uAQco","previousCounter":0,"rootKey":"0wHhINS8iN9Ncp2fHLQws/Jd0kNDggQD/Ya7Mtilqec="},"indexInfo":{"baseKey":"BZlNjXf46wTbwhR7C1p3A2YJHJXQ28du9azklltZIy1w","baseKeyType":1,"closed":-1,"used":1713593668390,"created":1713593668390,"remoteIdentityKey":"BaIa9eltd3IreyCNIq6gx83foTQNwm1svXMvJEJ+vMNP"},"_chains":{"BUOyd7Vwb4HKziDwbmBDpt5ms4E0yDqtkYAPrOwmGyFn":{"chainKey":{"counter":0,"key":"8Wexp1NFaHOXGMjsPEi7Tvu3mSSwSVHz0K3/+EMAXBM="},"chainType":1,"messageKeys":{}}},"pendingPreKey":{"signedKeyId":2,"baseKey":"BZlNjXf46wTbwhR7C1p3A2YJHJXQ28du9azklltZIy1w","preKeyId":103342}}},"version":"v1"}