{"_sessions":{"BSAsuDFgBzvSafjuNExiVcpA/DF2oe2TtCWM/sweObFJ":{"registrationId":57080348,"currentRatchet":{"ephemeralKeyPair":{"pubKey":"BcvY0uaij7h5U3VLdvcE+XCCRvkepO41jSAxlIe00YcH","privKey":"UMynMJdh4lkmlovv3wF+hO2feu52+PjJAAWtya9oM0o="},"lastRemoteEphemeralKey":"BSiEAC+yrW01SGmV16hOEdpQjntj1ApEvLYI/b18hyVs","previousCounter":0,"rootKey":"yQM3Ulyhti0TKruUfHNq6aoE+OvQ784JTqnMGOFruW4="},"indexInfo":{"baseKey":"BSAsuDFgBzvSafjuNExiVcpA/DF2oe2TtCWM/sweObFJ","baseKeyType":1,"closed":-1,"used":1713593668434,"created":1713593668434,"remoteIdentityKey":"Bfi+l6O8qu7frlVDmdqtYfx2Y6PMY0Vt+D8UjInFwLUq"},"_chains":{"BcvY0uaij7h5U3VLdvcE+XCCRvkepO41jSAxlIe00YcH":{"chainKey":{"counter":0,"key":"d1CP0BoGxLgn89dT4Binww93E+XqV0eIPBEuG5Zp6SE="},"chainType":1,"messageKeys":{}}},"pendingPreKey":{"signedKeyId":2,"baseKey":"BSAsuDFgBzvSafjuNExiVcpA/DF2oe2TtCWM/sweObFJ","preKeyId":8799399}}},"version":"v1"}