{"_sessions":{"BYN9QEW9Poe9m6Ih6l2VhA1sCBbVsiBCxjwF5UIgf613":{"registrationId":1030587810,"currentRatchet":{"ephemeralKeyPair":{"pubKey":"BaSsLR0cLtqhvA7wZIcMiiNatoTkFtsjcWit7uOfmXwJ","privKey":"eMh/XDEt/TOC/yRCrt+MBHA24R24n5sEt/cGKENG42I="},"lastRemoteEphemeralKey":"BXqQHEVUO7jQpEpaaQKPHGhnepiGs0nemQxFFvdZw9lx","previousCounter":0,"rootKey":"VJ6w6D+9W0AP7R+BOZ4LhP6vr2YUDPjEWGhaE9tAoOM="},"indexInfo":{"baseKey":"BYN9QEW9Poe9m6Ih6l2VhA1sCBbVsiBCxjwF5UIgf613","baseKeyType":1,"closed":-1,"used":1713593668467,"created":1713593668467,"remoteIdentityKey":"BQIy0b3acNB6hXokPlhNxQO9/1UfLa7S+6fHQbWXYK8z"},"_chains":{"BaSsLR0cLtqhvA7wZIcMiiNatoTkFtsjcWit7uOfmXwJ":{"chainKey":{"counter":0,"key":"+0mzBml5DKI68XP4gm1bv29mQW+AUL6UDmSDtNvG6zE="},"chainType":1,"messageKeys":{}}},"pendingPreKey":{"signedKeyId":10,"baseKey":"BYN9QEW9Poe9m6Ih6l2VhA1sCBbVsiBCxjwF5UIgf613","preKeyId":7948575}}},"version":"v1"}