{"_sessions":{"BQ/IcteOtmPpXMCWMW8unHj+g2WzuMCMXF4YaUa8F2hT":{"registrationId":1721249335,"currentRatchet":{"ephemeralKeyPair":{"pubKey":"BaUiS+ycMJdoqobTzUrUT7yBMWQoLi93Rod/SRODCqBf","privKey":"oA1b+lfPBmmXtD7AP/IG1FkZjtkIg81EKJl9MU0z41k="},"lastRemoteEphemeralKey":"BYZOEfVJNYKh1KpDVXxC1qmF2YZ5nVWF8gi4fPimLhw/","previousCounter":0,"rootKey":"WqH6jlP3n1Nimr6RJo0FG4I403e1JER2p71b5i3vQcI="},"indexInfo":{"baseKey":"BQ/IcteOtmPpXMCWMW8unHj+g2WzuMCMXF4YaUa8F2hT","baseKeyType":2,"closed":-1,"used":1713593628203,"created":1713589764396,"remoteIdentityKey":"BUaWbHu0JvZPS8F6IlGnvvzyAGqR4YXerTohDL7POTFU"},"_chains":{"BTu7LrF+IEbwdlZfNWMcG/UZQ/DFD8Ehz3898WNpXn0J":{"chainKey":{"counter":5},"chainType":2,"messageKeys":{}},"BQ+INy16KAAvCZcY5RdML9rUG6ZJXIDhkR5NEsLAngcL":{"chainKey":{"counter":0},"chainType":2,"messageKeys":{}},"BYZOEfVJNYKh1KpDVXxC1qmF2YZ5nVWF8gi4fPimLhw/":{"chainKey":{"counter":0,"key":"6O2VVdTR6MqzQ8YDOtBOGLSDB/nmcGBws3LM3uJgIEY="},"chainType":2,"messageKeys":{}},"BaUiS+ycMJdoqobTzUrUT7yBMWQoLi93Rod/SRODCqBf":{"chainKey":{"counter":0,"key":"+uNFTkGJWo6sSRaZ9JDrZPP7tqhNopTKibqcXddiYHA="},"chainType":1,"messageKeys":{}}}}},"version":"v1"}