{"_sessions":{"BdEpCh4l/T9D+3VJ2AMpNW2Y3y4cjhlkRbOPVO+xHYYq":{"registrationId":1048309700,"currentRatchet":{"ephemeralKeyPair":{"pubKey":"BdRpiPIq/KgmiUNgGWwhG0HsQF92UdS5sbRHWGuNh/xd","privKey":"oGxls6T4ISdYIuxUNUYmTHYyCfrmUHu/SLbK29YsJ38="},"lastRemoteEphemeralKey":"BWQ1ohIbi+4isOA0b3xgdH7Kr0Ix2+JXj7PP9Tdme5cx","previousCounter":0,"rootKey":"LtgWxFH86rZ0FdpmjD6wlN7uTWXpkdSycuys2KQnmaw="},"indexInfo":{"baseKey":"BdEpCh4l/T9D+3VJ2AMpNW2Y3y4cjhlkRbOPVO+xHYYq","baseKeyType":1,"closed":-1,"used":1713593668400,"created":1713593668400,"remoteIdentityKey":"BVIUVwuBxPHnwckgVQda4MlqOk1mZAkSsNSHbTuvmGlk"},"_chains":{"BdRpiPIq/KgmiUNgGWwhG0HsQF92UdS5sbRHWGuNh/xd":{"chainKey":{"counter":0,"key":"MfViT1bClwvRuNw3WV8hZM/q2aSOA7nZ7BE3qe0BSrc="},"chainType":1,"messageKeys":{}}},"pendingPreKey":{"signedKeyId":10120720,"baseKey":"BdEpCh4l/T9D+3VJ2AMpNW2Y3y4cjhlkRbOPVO+xHYYq","preKeyId":11536}}},"version":"v1"}