{"_sessions":{"BZ46qlVtegNmt33YClXGntD5AVQ+VAUuHeI5YsGVASxu":{"registrationId":2036363506,"currentRatchet":{"ephemeralKeyPair":{"pubKey":"BdbJxrbF1peL5FPjCU1xxNlFj4CgFjtT9CEtZfW+eRRx","privKey":"YBCG7cKFC2IdKkUYqAopXNdwUk1N/RqhKFM6a4UMNFw="},"lastRemoteEphemeralKey":"BegUwYsPTsVbiz2cwcESHQ4DgvNG4LgC0FMk4Zj1XJtY","previousCounter":0,"rootKey":"t4vO/Luu6TgiPIyP/oLAVWaxIwFTlqPiwINX/jWxTF4="},"indexInfo":{"baseKey":"BZ46qlVtegNmt33YClXGntD5AVQ+VAUuHeI5YsGVASxu","baseKeyType":1,"closed":-1,"used":1713593668428,"created":1713593668428,"remoteIdentityKey":"BReXyqWDCBjyrzbldGOjWJldfK0kYQE86pzKL0xLyf9w"},"_chains":{"BdbJxrbF1peL5FPjCU1xxNlFj4CgFjtT9CEtZfW+eRRx":{"chainKey":{"counter":0,"key":"QrYfxUYYYmagoYRO0EFg1aWWVzzn5y+xPi2npYX3FaY="},"chainType":1,"messageKeys":{}}},"pendingPreKey":{"signedKeyId":9,"baseKey":"BZ46qlVtegNmt33YClXGntD5AVQ+VAUuHeI5YsGVASxu","preKeyId":11887342}}},"version":"v1"}