{"_sessions":{"BTskeyuCLwMF6VzAavBlLAPCiXOLtdtZga6mApA8X+da":{"registrationId":1295679394,"currentRatchet":{"ephemeralKeyPair":{"pubKey":"BfRinfxHHXckrXBswqtBP3goeLS3vNOTGU6hT+B7sDgP","privKey":"IC/1r0BpWCGvlfmNsHaxIm9iYSLTov5UKe12D3eMqlk="},"lastRemoteEphemeralKey":"BeJPm8Qi8l9ipHMJf6hhJwSCfVYj3+zQgzsWz+1uXzw7","previousCounter":0,"rootKey":"3GgGaA2bU50nasH2w5JKVbXT+65xNw+c1YNdITn8Qhc="},"indexInfo":{"baseKey":"BTskeyuCLwMF6VzAavBlLAPCiXOLtdtZga6mApA8X+da","baseKeyType":2,"closed":1713593654161,"used":1713593653691,"created":1713593653691,"remoteIdentityKey":"BZ08jhMPPwy/tDJ9i7oIeJDS0vab1/2SRT8IMOwbYiB2"},"_chains":{"BeJPm8Qi8l9ipHMJf6hhJwSCfVYj3+zQgzsWz+1uXzw7":{"chainKey":{"counter":0,"key":"sAhfp+Z4cC9uixOlYHAM/QM5mXtCiMu5NFjYokFcz/A="},"chainType":2,"messageKeys":{}},"BfRinfxHHXckrXBswqtBP3goeLS3vNOTGU6hT+B7sDgP":{"chainKey":{"counter":-1,"key":"JGphqOTcw0Tx+sMJCPvzjVsz3Ze2hQivZTNwc2+h9kc="},"chainType":1,"messageKeys":{}}}},"BRLHM6fHVjhZmqaDZkUiMgUo/UMpKAp2HhwdOcNeKWtc":{"registrationId":1295679394,"currentRatchet":{"ephemeralKeyPair":{"pubKey":"BZ1lAD/eWxwrb+Q90EUKx6U+GG+15KpuUKAaU8v2TpVK","privKey":"eCDMDy8+NDn7XuZGr6xj6Tq8kPeBJi0QcA4Eu1G51Uc="},"lastRemoteEphemeralKey":"BT79es574lg/B84UcjFT+s02fCIRNFktO1QxxwyEdqot","previousCounter":0,"rootKey":"eexMW9e8/R/94ClZua47JOV11G67e6onqu+RdrZtfkI="},"indexInfo":{"baseKey":"BRLHM6fHVjhZmqaDZkUiMgUo/UMpKAp2HhwdOcNeKWtc","baseKeyType":2,"closed":-1,"used":1713593654170,"created":1713593654170,"remoteIdentityKey":"BZ08jhMPPwy/tDJ9i7oIeJDS0vab1/2SRT8IMOwbYiB2"},"_chains":{"BT79es574lg/B84UcjFT+s02fCIRNFktO1QxxwyEdqot":{"chainKey":{"counter":1,"key":"bLJwCdeGwAMMA86LNlg4iFWs2TV8U5UzRQEfiT3bRB0="},"chainType":2,"messageKeys":{}},"BZ1lAD/eWxwrb+Q90EUKx6U+GG+15KpuUKAaU8v2TpVK":{"chainKey":{"counter":0,"key":"ZKbDJgpyO42R1fuwI3FHKrAMFzDhHm4ycgXzbqTetM4="},"chainType":1,"messageKeys":{}}}}},"version":"v1"}