{"_sessions":{"BXRJtyvB46KyoF6kj0196NPJLiTm6mn02RYmMJtfGnt1":{"registrationId":1949947533,"currentRatchet":{"ephemeralKeyPair":{"pubKey":"BUOfS6GHZBW6XkSoFeC9U4kkohbgn9Exjc1Gic0vkPcL","privKey":"kAqBkqKLIcLxyqm51RBmWIzHwWKsAVyk6CUAWVsCD24="},"lastRemoteEphemeralKey":"BdkoM0m9FJqqNp8Y3OgEvXx1jX+UagQJAXglM3OTu0h6","previousCounter":0,"rootKey":"9Ag35ATeFpR3MSHsYfz8GHxcXwxILipXnPxt3yMvElY="},"indexInfo":{"baseKey":"BXRJtyvB46KyoF6kj0196NPJLiTm6mn02RYmMJtfGnt1","baseKeyType":1,"closed":-1,"used":1713593668536,"created":1713593668536,"remoteIdentityKey":"BcytjBfhXgCq5V35YiiGB+podKULiPXW4z5Ygqic00ht"},"_chains":{"BUOfS6GHZBW6XkSoFeC9U4kkohbgn9Exjc1Gic0vkPcL":{"chainKey":{"counter":0,"key":"RkzqRU3XpLUBysfil3+VO0yIpyONj0iizPsVLxsTzm8="},"chainType":1,"messageKeys":{}}},"pendingPreKey":{"signedKeyId":13,"baseKey":"BXRJtyvB46KyoF6kj0196NPJLiTm6mn02RYmMJtfGnt1","preKeyId":13076290}}},"version":"v1"}