{"_sessions":{"BXxopG7v3MPKSBl6ZXDHXeXN4tWF3MXCdHQkf/W5bqRg":{"registrationId":212980649,"currentRatchet":{"ephemeralKeyPair":{"pubKey":"BTi1VaKmkZ19qMo4qeFHSsPliU0hiyr4gJj/JgAe3qJ4","privKey":"IKXs59sM835oR67JdFBpNAv8nWbKyfXsqP/Dzwcou0I="},"lastRemoteEphemeralKey":"BYIAIvCdr7t4wLI44FeuN3qbO2KTvOp3+LFsj9bc3hAe","previousCounter":0,"rootKey":"cc0lu0H6/nY92KqMGweAiSOWImb7YR8h9NIX2p7ys3k="},"indexInfo":{"baseKey":"BXxopG7v3MPKSBl6ZXDHXeXN4tWF3MXCdHQkf/W5bqRg","baseKeyType":1,"closed":-1,"used":1713593668458,"created":1713593668458,"remoteIdentityKey":"BVmjF1OrG0V+6sqgBUTVpgz8Q8EEztw5hceWBrxBtfR1"},"_chains":{"BTi1VaKmkZ19qMo4qeFHSsPliU0hiyr4gJj/JgAe3qJ4":{"chainKey":{"counter":0,"key":"rSAmGHRfyysQ99eyhujuV4MMdM7cyd35Q1oyOTi+QgM="},"chainType":1,"messageKeys":{}}},"pendingPreKey":{"signedKeyId":14,"baseKey":"BXxopG7v3MPKSBl6ZXDHXeXN4tWF3MXCdHQkf/W5bqRg","preKeyId":8559994}}},"version":"v1"}