{"_sessions":{"BXZp/X7lVYSk+dThGbJPtYsOAk7iLACxI88M7MLcAogg":{"registrationId":1582639897,"currentRatchet":{"ephemeralKeyPair":{"pubKey":"BXWX8/i5caM4hvrrAYZzSxwQIYUgfwyhQU3gossJwNUn","privKey":"oLrz4BStRaIhJ1ojuxq1qzPB+Ja7q6LEMhWelqhFKlo="},"lastRemoteEphemeralKey":"BUKsQD9B9ajVcq80xgfZHF3hNQsP5zpft3OG3alwa0Qi","previousCounter":0,"rootKey":"sGML1Gz8cGkLGvXVZ9GI4DA3opm3s+KC3xSfywhEh8k="},"indexInfo":{"baseKey":"BXZp/X7lVYSk+dThGbJPtYsOAk7iLACxI88M7MLcAogg","baseKeyType":1,"closed":-1,"used":1713593668419,"created":1713593668419,"remoteIdentityKey":"BWUPoeKIEcnYNwLeiAdVDkbCy32wRGoDe4s2nE5RVTMb"},"_chains":{"BXWX8/i5caM4hvrrAYZzSxwQIYUgfwyhQU3gossJwNUn":{"chainKey":{"counter":0,"key":"aa3c+xHwaASz5yIKQoXXvObZBmUzlTGAuIdoKkqn0p8="},"chainType":1,"messageKeys":{}}},"pendingPreKey":{"signedKeyId":0,"baseKey":"BXZp/X7lVYSk+dThGbJPtYsOAk7iLACxI88M7MLcAogg","preKeyId":11792807}}},"version":"v1"}