{"_sessions":{"BXCnhsaH/vylwoR7okcyZ87AUaL4uJugJttI34ipXUcL":{"registrationId":1519965440,"currentRatchet":{"ephemeralKeyPair":{"pubKey":"BXoNZO7djgMSw1GNWuSxEgSy22wFdDC/DSEOjPlk2k12","privKey":"cL++yHqxY6olVj6rRBzsWlgUIQvJn6wFRx3NlU9ZDmI="},"lastRemoteEphemeralKey":"Bc8Je8IMV/+I+LmmuubIh2X26gJar8nJOP4zn/xT41Zy","previousCounter":0,"rootKey":"w7xFXY13+APuoZqk2O4qyMRJ2lAPf5DAzb9H8ziA3go="},"indexInfo":{"baseKey":"BXCnhsaH/vylwoR7okcyZ87AUaL4uJugJttI34ipXUcL","baseKeyType":1,"closed":-1,"used":1713593668425,"created":1713593668425,"remoteIdentityKey":"BeOv1F/c5UT8r8DYOulg5WRr2s6lPt1fMnLn7fHSzHZv"},"_chains":{"BXoNZO7djgMSw1GNWuSxEgSy22wFdDC/DSEOjPlk2k12":{"chainKey":{"counter":0,"key":"/qXgdXjeCsmukn4/BmKqBuXbszKHOlXS0m28yEqNEkI="},"chainType":1,"messageKeys":{}}},"pendingPreKey":{"signedKeyId":0,"baseKey":"BXCnhsaH/vylwoR7okcyZ87AUaL4uJugJttI34ipXUcL","preKeyId":13481103}}},"version":"v1"}