{"_sessions":{"BV97acAaV1JD9wAJZgHRwZUfdRtDKRlcqmlGjiu5kfk5":{"registrationId":2146072287,"currentRatchet":{"ephemeralKeyPair":{"pubKey":"Ba0uUNF0BCyCrRXAFd2IH+DeVtALFa/Z2wXuT7PsiXdB","privKey":"uMAFUWJDrXSUKvwBvDUXHrHBQhmz53Wd6gvtCQ2Pg1w="},"lastRemoteEphemeralKey":"BRYiuMP9MKbYza8tW/gvmChr0XVtX9l9dAEreQh98VVq","previousCounter":0,"rootKey":"/e4Iu6BBw1pok5z9sLou8FuoGB5Lb+XGVqcMq9ZSq4k="},"indexInfo":{"baseKey":"BV97acAaV1JD9wAJZgHRwZUfdRtDKRlcqmlGjiu5kfk5","baseKeyType":2,"closed":-1,"used":1713593639911,"created":1713593639911,"remoteIdentityKey":"BVOfYBVAPlVJuvHYCgbf0NE3uOph8CJyC2QnBcibGSg2"},"_chains":{"BRYiuMP9MKbYza8tW/gvmChr0XVtX9l9dAEreQh98VVq":{"chainKey":{"counter":0,"key":"cpdCVlGgj7ad+G0D1kCogmYQGyhHKGWF2gp82pjpRnM="},"chainType":2,"messageKeys":{}},"Ba0uUNF0BCyCrRXAFd2IH+DeVtALFa/Z2wXuT7PsiXdB":{"chainKey":{"counter":-1,"key":"APmto3mxUkZnVwsoZXLCuBU9BQzTOTSz/Ev0CXMCQWo="},"chainType":1,"messageKeys":{}}}}},"version":"v1"}