{"_sessions":{"BfKaYfxzSxxKJRUuQQCr0pQkUJFfvcBy4WVoZbqr6jMM":{"registrationId":1365656303,"currentRatchet":{"ephemeralKeyPair":{"pubKey":"BbpjOQNtc2Zk29/1SiLMJnEfy1JFABLU1GeZdueK4vo9","privKey":"kIMnl5syAZeZqtdXmDPcezRDxRDWUyqRi6lnzP5OKWQ="},"lastRemoteEphemeralKey":"BVt0MScyeIfcu91e8v40AtWSq06zXPZZAQw5sYQcGsMF","previousCounter":0,"rootKey":"JvRCj0k7lg4UNrFLpLaCmIwVlk3hQ7rrcPfreWcdOec="},"indexInfo":{"baseKey":"BfKaYfxzSxxKJRUuQQCr0pQkUJFfvcBy4WVoZbqr6jMM","baseKeyType":1,"closed":-1,"used":1713593668431,"created":1713593668431,"remoteIdentityKey":"BV78qSROinvvlXJ1rk33bY68yY/APgiDoztfJuT09A1r"},"_chains":{"BbpjOQNtc2Zk29/1SiLMJnEfy1JFABLU1GeZdueK4vo9":{"chainKey":{"counter":0,"key":"nFCurBuLmgc+LFlZ+Ykw76z71kPjfzUDC4yU+KDUyM8="},"chainType":1,"messageKeys":{}}},"pendingPreKey":{"signedKeyId":1,"baseKey":"BfKaYfxzSxxKJRUuQQCr0pQkUJFfvcBy4WVoZbqr6jMM","preKeyId":9165754}}},"version":"v1"}