{"_sessions":{"BXS/99WHmdMKJMDZimSV2MmTlRVZEdjejRcdZhiaD353":{"registrationId":1721249335,"currentRatchet":{"ephemeralKeyPair":{"pubKey":"BVRZLUme3kUx78IUwOKyZeFDJpxoNezHjDoxCuYDcWAi","privKey":"YK7ZSSnLan/dHwSdG0HoeL7LxpPO8kj8iBU92OincFY="},"lastRemoteEphemeralKey":"BSQLOLKt4tyR6jDLOx8UZe5EvjY/WUoh4boNQrr6cHMJ","previousCounter":0,"rootKey":"XVDFLa8sfLLePVNzpqmVXN3RtGVhZBgVwRCnIxaepp0="},"indexInfo":{"baseKey":"BXS/99WHmdMKJMDZimSV2MmTlRVZEdjejRcdZhiaD353","baseKeyType":1,"closed":-1,"used":1713593668410,"created":1713593668410,"remoteIdentityKey":"BUaWbHu0JvZPS8F6IlGnvvzyAGqR4YXerTohDL7POTFU"},"_chains":{"BVRZLUme3kUx78IUwOKyZeFDJpxoNezHjDoxCuYDcWAi":{"chainKey":{"counter":0,"key":"rgatDLPtK6Hx/axwMtaNr9UZCjN83+gq+TGBccMUKrk="},"chainType":1,"messageKeys":{}}},"pendingPreKey":{"signedKeyId":0,"baseKey":"BXS/99WHmdMKJMDZimSV2MmTlRVZEdjejRcdZhiaD353"}}},"version":"v1"}