{"_sessions":{"BTxhecVwFmPpfQw/i6po4R7SD0P6bjczoKMDOBUwkWk4":{"registrationId":1422250704,"currentRatchet":{"ephemeralKeyPair":{"pubKey":"BcpqYC4N+sgsXJxkFkfpNCOh2Xn+zbxERAvHh0ewGDZi","privKey":"2EfFCblrY5tJYAjc59er4vjoYKQh1C4Ed3fy8BSrjm0="},"lastRemoteEphemeralKey":"BQy/PgEjCksPlIU8JV3PxLlHLtDnvfszstjLzS/RvVM+","previousCounter":0,"rootKey":"vurWCQF+CsX786NKpbzQKXdU7aqtICGipoFxVIWUtIo="},"indexInfo":{"baseKey":"BTxhecVwFmPpfQw/i6po4R7SD0P6bjczoKMDOBUwkWk4","baseKeyType":1,"closed":-1,"used":1713593668489,"created":1713593668489,"remoteIdentityKey":"BSLM78AN6AdWAQnhey+3PZMi3LzoMflszXq1C9vsz3Ql"},"_chains":{"BcpqYC4N+sgsXJxkFkfpNCOh2Xn+zbxERAvHh0ewGDZi":{"chainKey":{"counter":0,"key":"WIfszNqk2QBCELqVm/r6Gj/aPpAsQf6KmBnXktcVgb8="},"chainType":1,"messageKeys":{}}},"pendingPreKey":{"signedKeyId":0,"baseKey":"BTxhecVwFmPpfQw/i6po4R7SD0P6bjczoKMDOBUwkWk4","preKeyId":9171195}}},"version":"v1"}