{"_sessions":{"BUx2SMoR7F48oUOC3M/aEC1r8ptFbqPCg3o49kZRcVhp":{"registrationId":105494451,"currentRatchet":{"ephemeralKeyPair":{"pubKey":"BZ+anFbGeoJFR3J+bcEdhId9bNlOYwum7cJx4IS6Ak1/","privKey":"cDI07QudbmYSC0F/ueNreFe2HfItZhgDmpDsstibYX0="},"lastRemoteEphemeralKey":"BVAYFjaY/CPDG3JHiDEaL/64CkdPVHbWniR+EqsPqY5d","previousCounter":0,"rootKey":"DNSTNYZF1fprI8buiUuKzcdB95xXo7ONgC10oXnLP4I="},"indexInfo":{"baseKey":"BUx2SMoR7F48oUOC3M/aEC1r8ptFbqPCg3o49kZRcVhp","baseKeyType":1,"closed":-1,"used":1713593668452,"created":1713593668452,"remoteIdentityKey":"BRASD5N1N7TEluFtfhOo4UGba8R3D2j059HRZxUcC5wy"},"_chains":{"BZ+anFbGeoJFR3J+bcEdhId9bNlOYwum7cJx4IS6Ak1/":{"chainKey":{"counter":0,"key":"Bzthz8TS26o+NcQ3+niyxGbl4CCJ+tAhdrVaul4/n54="},"chainType":1,"messageKeys":{}}},"pendingPreKey":{"signedKeyId":15,"baseKey":"BUx2SMoR7F48oUOC3M/aEC1r8ptFbqPCg3o49kZRcVhp","preKeyId":9210738}}},"version":"v1"}