{"_sessions":{"BTMeJfzg0vAUrJvLIHwdIXXdWjErUHDCQ3Xqxq1QQg1o":{"registrationId":1159908136,"currentRatchet":{"ephemeralKeyPair":{"pubKey":"BfzQ0+C7JRx/4M2xOiTvr32JBtUwQU9dpICj4lVXhW8w","privKey":"YIOmtXx3RPAgtLjjo+acHJkBl4XyOhSFBKYOOxLG4Ec="},"lastRemoteEphemeralKey":"BQncHjra7vL2AhkmZVkFswzY1ih3vtuwc8vLMukszvop","previousCounter":0,"rootKey":"YKm5T1OJnK82U0uK/nceU39xBo1plt9bLU2nQDay7rA="},"indexInfo":{"baseKey":"BTMeJfzg0vAUrJvLIHwdIXXdWjErUHDCQ3Xqxq1QQg1o","baseKeyType":1,"closed":-1,"used":1713593668474,"created":1713593668474,"remoteIdentityKey":"BTPM48XiRX6yEHdctob5Bqs5oUp4FQFRyKrTibc0WPIq"},"_chains":{"BfzQ0+C7JRx/4M2xOiTvr32JBtUwQU9dpICj4lVXhW8w":{"chainKey":{"counter":0,"key":"G1N6vviFA+QCBXnKzKVSn0+5e845KKBtt/07o7TPnWs="},"chainType":1,"messageKeys":{}}},"pendingPreKey":{"signedKeyId":25,"baseKey":"BTMeJfzg0vAUrJvLIHwdIXXdWjErUHDCQ3Xqxq1QQg1o","preKeyId":9454469}}},"version":"v1"}