{"_sessions":{"BRq+udDs1IHbnKrh2LCph4WQr5i64za97qL7X6/Rnw8W":{"registrationId":212,"currentRatchet":{"ephemeralKeyPair":{"pubKey":"BbCQAe3Ez1DBJ5cyf8fQW+b2Z2KHSOPk3ArZBlq7b3gS","privKey":"2B76G39eR1f/2mpTtYMT4ZCr5SSo7oNZg8CNbg2sG2A="},"lastRemoteEphemeralKey":"Ba5tlQBTVwlxkUGuAe464FH6nXiwZCSNSXR4ayOeYg5c","previousCounter":0,"rootKey":"OKWbI5JLmlkgRoHDqxYMlUNuXOSU1r89AkHsY2GFZx8="},"indexInfo":{"baseKey":"BRq+udDs1IHbnKrh2LCph4WQr5i64za97qL7X6/Rnw8W","baseKeyType":1,"closed":-1,"used":1713590416962,"created":1713590416962,"remoteIdentityKey":"BRcu42ZcN3F368PTl5cZ+YKkqhjNUNfZqIwJdXc7dXRW"},"_chains":{"BbCQAe3Ez1DBJ5cyf8fQW+b2Z2KHSOPk3ArZBlq7b3gS":{"chainKey":{"counter":2,"key":"B3o7zPSq919iqhL6OFT+6od8Wh+VL3byBQxtM2l/yqs="},"chainType":1,"messageKeys":{}}},"pendingPreKey":{"signedKeyId":1,"baseKey":"BRq+udDs1IHbnKrh2LCph4WQr5i64za97qL7X6/Rnw8W"}}},"version":"v1"}