{"_sessions":{"Be6BMm9/VtgGHBJmnKPT8lWpDlgf6nw+hznD+l09q8Nj":{"registrationId":1163992987,"currentRatchet":{"ephemeralKeyPair":{"pubKey":"BR+CsOg5H2BAsALvTBPf1BPgwrRsIqZOzDZd+8NKqgwA","privKey":"GJ/NJGFW69XRFF3e6uZ9bJxfqoDEAjp09CB7yrx/QXQ="},"lastRemoteEphemeralKey":"Bf3gEbEw4YKqBGtLXrJhSRvZcwHh5t5/C3bTBbvK464H","previousCounter":0,"rootKey":"3A9SLDdYtYS6Qmt+QI7N2FrbGnk+u1j9f1MEbqUMsfQ="},"indexInfo":{"baseKey":"Be6BMm9/VtgGHBJmnKPT8lWpDlgf6nw+hznD+l09q8Nj","baseKeyType":1,"closed":-1,"used":1713593668445,"created":1713593668445,"remoteIdentityKey":"Beqdm0ik/Fosz0Fy5ZQ/K0lau83mVb0EHGovr8uSSu47"},"_chains":{"BR+CsOg5H2BAsALvTBPf1BPgwrRsIqZOzDZd+8NKqgwA":{"chainKey":{"counter":0,"key":"73yZdD0Ij8vm6JFY+kFHs5WYqdRxD5M2Ii1d8FApuYE="},"chainType":1,"messageKeys":{}}},"pendingPreKey":{"signedKeyId":1,"baseKey":"Be6BMm9/VtgGHBJmnKPT8lWpDlgf6nw+hznD+l09q8Nj","preKeyId":8727278}}},"version":"v1"}