{"_sessions":{"BS04e+4KCB+ebvcZvHoqbtXe9sgbQoxVYDhRYyOl6GBg":{"registrationId":39725726,"currentRatchet":{"ephemeralKeyPair":{"pubKey":"BaeIiWlubCTjLx/tt+Fs3rvUlIa5CrlEmqZvawbRSCwX","privKey":"UKNFRp88IbmALFtyTv/ftsglccCsoeaL9ZopSL2D1ks="},"lastRemoteEphemeralKey":"BSnb4RizQ814p/GAk5s0d94HzgmQhSj2AuU3Ocht9h8m","previousCounter":0,"rootKey":"QKJMDyHMbYuoB4Yu5jBuaRWmF7PsSdb7gqtGSdk4MNA="},"indexInfo":{"baseKey":"BS04e+4KCB+ebvcZvHoqbtXe9sgbQoxVYDhRYyOl6GBg","baseKeyType":1,"closed":-1,"used":1713593668515,"created":1713593668515,"remoteIdentityKey":"BU9S2JOuA3++tUks8WtkdkxZcywtOFGZiXPmUVDRjdpJ"},"_chains":{"BaeIiWlubCTjLx/tt+Fs3rvUlIa5CrlEmqZvawbRSCwX":{"chainKey":{"counter":0,"key":"3blAauDff4CYoLpQXWHIYCvgKXgETvymlmurrKXBe4I="},"chainType":1,"messageKeys":{}}},"pendingPreKey":{"signedKeyId":22,"baseKey":"BS04e+4KCB+ebvcZvHoqbtXe9sgbQoxVYDhRYyOl6GBg","preKeyId":6966967}}},"version":"v1"}