{"_sessions":{"BdJ36qWE+JLawxS1I7O/mDb03Av/+f/X8ldFN5rZZmhi":{"registrationId":1425166685,"currentRatchet":{"ephemeralKeyPair":{"pubKey":"BRt8I8VLwegaHncs0IKQW/TbEqA8XUEXKlKC+5mvx34i","privKey":"GGn6Fw+C68mJ0PawuuPmf2tIMKtKuHkwhmfUHKcVgHg="},"lastRemoteEphemeralKey":"BR04tawy4INjVtOcyk29nnx8CuqUIlzbLS9ihN3cKi9C","previousCounter":0,"rootKey":"p5dFR+9CMTuJJu6vokbxoIXTaSsowJ1L7ny5Ku0cQbk="},"indexInfo":{"baseKey":"BdJ36qWE+JLawxS1I7O/mDb03Av/+f/X8ldFN5rZZmhi","baseKeyType":1,"closed":-1,"used":1713593668465,"created":1713593668465,"remoteIdentityKey":"BQH5iids1dLfvRPNCLhw9i1up8v+qYDL1wBxErG/DB85"},"_chains":{"BRt8I8VLwegaHncs0IKQW/TbEqA8XUEXKlKC+5mvx34i":{"chainKey":{"counter":0,"key":"8hLElPAVhO7YfCrYNgu+LZDThEpSlLnkXLJ/+VDDTJ8="},"chainType":1,"messageKeys":{}}},"pendingPreKey":{"signedKeyId":9,"baseKey":"BdJ36qWE+JLawxS1I7O/mDb03Av/+f/X8ldFN5rZZmhi","preKeyId":2492302}}},"version":"v1"}