{"_sessions":{"BSyuBAAKBHkljgRB5Yg5qKeyIUZRGcvLrmCpDh8kn8EW":{"registrationId":1112077172,"currentRatchet":{"ephemeralKeyPair":{"pubKey":"BcuOesBIjtCy/5zncMwe5+yv1uqhIboJw2Wp2KR+qFx9","privKey":"YBYf55ECgby138pqS0vxELBu7uJUyPKF1dZAmpQSanc="},"lastRemoteEphemeralKey":"BQrQlquYU5bNv5eiofTFsXb/hwniph0PHxP0SNFKY75F","previousCounter":0,"rootKey":"oL/fXnsfTho/JR6pST/umnYUjgeC0ZTRokZkvu2MkZE="},"indexInfo":{"baseKey":"BSyuBAAKBHkljgRB5Yg5qKeyIUZRGcvLrmCpDh8kn8EW","baseKeyType":1,"closed":-1,"used":1713593668517,"created":1713593668517,"remoteIdentityKey":"BU6W+kvVxAg6K9aRPv1FOyzXH93uQ14P13mDt4p/I0Jg"},"_chains":{"BcuOesBIjtCy/5zncMwe5+yv1uqhIboJw2Wp2KR+qFx9":{"chainKey":{"counter":0,"key":"/DJnjj7cR/8SD1GzCijJDOmCwTk3ztgSKSgoILykeTk="},"chainType":1,"messageKeys":{}}},"pendingPreKey":{"signedKeyId":1,"baseKey":"BSyuBAAKBHkljgRB5Yg5qKeyIUZRGcvLrmCpDh8kn8EW","preKeyId":2543841}}},"version":"v1"}