{"_sessions":{"BS2kuXmkJC5iBsj/LFLCAltg5caYvJfytPAs10mn2qk0":{"registrationId":463676232,"currentRatchet":{"ephemeralKeyPair":{"pubKey":"BYHAmafK2o3yqua/O84vDDe3oV31wM1YyoELu8BQGrMb","privKey":"8DlgMEw9t0LU+6sjl5fRUF7LN1OIa5r/+EFpV08iDmE="},"lastRemoteEphemeralKey":"BTCmaBw03oOgChgiDi+wYbik8gY1d92FpZXfFK4kLnUJ","previousCounter":0,"rootKey":"k0Ho/jFFCqFB2DPJiE0nVHJENsCZ44G9xmIJz4VfdgM="},"indexInfo":{"baseKey":"BS2kuXmkJC5iBsj/LFLCAltg5caYvJfytPAs10mn2qk0","baseKeyType":1,"closed":-1,"used":1713593668436,"created":1713593668436,"remoteIdentityKey":"BQESnZraJLlWfQptj66Cqq06MeTsQXn0hGDLYRFI4ekJ"},"_chains":{"BYHAmafK2o3yqua/O84vDDe3oV31wM1YyoELu8BQGrMb":{"chainKey":{"counter":0,"key":"uvzliOyPBYw4w91I31FM3EXMT3Zta8JGBFS8x58eY2s="},"chainType":1,"messageKeys":{}}},"pendingPreKey":{"signedKeyId":12849918,"baseKey":"BS2kuXmkJC5iBsj/LFLCAltg5caYvJfytPAs10mn2qk0","preKeyId":2253}}},"version":"v1"}