{"_sessions":{"BcZCx8radyxsoHMJ+olcJIjBRrH6uOGFhJ9oeVCqqckr":{"registrationId":437857611,"currentRatchet":{"ephemeralKeyPair":{"pubKey":"BYuQLumcYcf7Slbo4dE+Mpw5wTDWYM80hn0ZWyIjME4u","privKey":"mClDHRQbZHUtl9UhrbfbHTIgMAoYRs/7vk/x6m0G11Q="},"lastRemoteEphemeralKey":"BQWYmiF1xkHQ7jD/Iv6/Uzi6SrE4tioK2BD9WEpMPXEd","previousCounter":0,"rootKey":"B8jborkrv68qcoTZayZC1i4nX4UpKRejtdmbFfLeWiw="},"indexInfo":{"baseKey":"BcZCx8radyxsoHMJ+olcJIjBRrH6uOGFhJ9oeVCqqckr","baseKeyType":1,"closed":-1,"used":1713593668402,"created":1713593668402,"remoteIdentityKey":"BVtayaAiVvy10ErvJCLXYyYXsdVUyQo4Uvjb8R54DhMJ"},"_chains":{"BYuQLumcYcf7Slbo4dE+Mpw5wTDWYM80hn0ZWyIjME4u":{"chainKey":{"counter":0,"key":"EZJIELXRFKK6duueC5KjcVAZTWHJp1k9ZORpXAMsu2A="},"chainType":1,"messageKeys":{}}},"pendingPreKey":{"signedKeyId":1,"baseKey":"BcZCx8radyxsoHMJ+olcJIjBRrH6uOGFhJ9oeVCqqckr","preKeyId":9304979}}},"version":"v1"}