{"_sessions":{"BY8x2IMvNXOaXuQmre3C9eK+IJ4IadhOgwBV2hV51CY6":{"registrationId":671149919,"currentRatchet":{"ephemeralKeyPair":{"pubKey":"Bb+CInQTyyYZZtTZ0n/ReFBKKFrfueeH3qWh6edl54dF","privKey":"8Kuz1fGfaIrub6FXdBQSck7LTuLqCQP4L/kzRaZtl1E="},"lastRemoteEphemeralKey":"BX/Ri3YpiT3aX862gL+oUYg92ER54GogHWsRiDeqx6UQ","previousCounter":0,"rootKey":"0sIb/JLoo6GcsI7xprkWTWr+tY0qHXdMMCpo4+Uy2IU="},"indexInfo":{"baseKey":"BY8x2IMvNXOaXuQmre3C9eK+IJ4IadhOgwBV2hV51CY6","baseKeyType":1,"closed":-1,"used":1713593668408,"created":1713593668408,"remoteIdentityKey":"BZTyjBmDIvttG/YtawXEWKl8ecYhqXtSTTSUcO/xrXZB"},"_chains":{"Bb+CInQTyyYZZtTZ0n/ReFBKKFrfueeH3qWh6edl54dF":{"chainKey":{"counter":0,"key":"dRz7Rz8X0P+DVc2H+04hAN+bRri8WVBSFQeQJ+P2JCw="},"chainType":1,"messageKeys":{}}},"pendingPreKey":{"signedKeyId":0,"baseKey":"BY8x2IMvNXOaXuQmre3C9eK+IJ4IadhOgwBV2hV51CY6","preKeyId":10194297}}},"version":"v1"}