{"_sessions":{"BfZatdigxlgl+LHdtj3am50iZ02WJFqjng5ZehvEs01/":{"registrationId":1837506398,"currentRatchet":{"ephemeralKeyPair":{"pubKey":"BTHVW03UDwW+Lz/sEqR6KOjD9dJgwTcOC/MlEepMgCkS","privKey":"eH1RuKdR9MYWtJmTE46c2753syJqvBg87lWOGRiMTE4="},"lastRemoteEphemeralKey":"BUNGT8Ggyj/1A3LBEw6wdSYaKMtOPJRCLl3DslNhqpk1","previousCounter":0,"rootKey":"hb3bA3yOYABi68wK3V9VRb+cEQh1mgCDcnBY6W2cjlk="},"indexInfo":{"baseKey":"BfZatdigxlgl+LHdtj3am50iZ02WJFqjng5ZehvEs01/","baseKeyType":1,"closed":-1,"used":1713593668398,"created":1713593668398,"remoteIdentityKey":"BYI2tZRlN+cR+XXbfimrDMypSHXw3RzGOFulxN4h2Oov"},"_chains":{"BTHVW03UDwW+Lz/sEqR6KOjD9dJgwTcOC/MlEepMgCkS":{"chainKey":{"counter":0,"key":"RxatxDBVHl5LvuGAcbSVaRB3puAAt6Y1NXiCtmLHUkI="},"chainType":1,"messageKeys":{}}},"pendingPreKey":{"signedKeyId":23,"baseKey":"BfZatdigxlgl+LHdtj3am50iZ02WJFqjng5ZehvEs01/","preKeyId":8413507}}},"version":"v1"}