{"_sessions":{"Bef39aGBy3B+Vbrnjf16yEyd6OFWov2+9egPuaPQr8MO":{"registrationId":1956796404,"currentRatchet":{"ephemeralKeyPair":{"pubKey":"BS1jPy+fuh5Li+mpWS0/4cCaCja9DVUlYII76lrR9acp","privKey":"8IiONS81JkcpavGfF/nWiocS+3RoR8kBBnsoMzU4IEU="},"lastRemoteEphemeralKey":"BbK5QMRlyv3zHA3kRITH0opMXtLBcD56Re9FNeLw485L","previousCounter":0,"rootKey":"AoelRnlj7lAf8gKsjC/kfG91lHa9gdxK/8QAnEVbie0="},"indexInfo":{"baseKey":"Bef39aGBy3B+Vbrnjf16yEyd6OFWov2+9egPuaPQr8MO","baseKeyType":1,"closed":-1,"used":1713593668469,"created":1713593668469,"remoteIdentityKey":"BRP1oEa9ie2PW+OKWsu43l4Dfz9OFfsAyfZ9mHwfsvoe"},"_chains":{"BS1jPy+fuh5Li+mpWS0/4cCaCja9DVUlYII76lrR9acp":{"chainKey":{"counter":0,"key":"k0Y5ctsBYW3CDro/1Aol8UNNSIlMiOl8MxUp3eHLuUc="},"chainType":1,"messageKeys":{}}},"pendingPreKey":{"signedKeyId":6,"baseKey":"Bef39aGBy3B+Vbrnjf16yEyd6OFWov2+9egPuaPQr8MO","preKeyId":10980112}}},"version":"v1"}