{"_sessions":{"BSpT63qJm398XOru6BxMt8gjCvpDUNKC5zlGoQA7Kb8P":{"registrationId":180,"currentRatchet":{"ephemeralKeyPair":{"pubKey":"BdZgi5MnoWDGdur2/9tc8sQs9i0dZYBOKt05ntTuhmN6","privKey":"EC3hoSjCGXSuiJgdQ60PsgahjRE6RyEMPLZXRa+jFFw="},"lastRemoteEphemeralKey":"BdY3e6AqjXV1ZUSBM9nJi0bw5KQdRj+8yRW8OqLVPrAR","previousCounter":0,"rootKey":"XSm8FcrH1rTcGSg1RXPmEBqDRQAJ88SAdZ5jV6f0WfU="},"indexInfo":{"baseKey":"BSpT63qJm398XOru6BxMt8gjCvpDUNKC5zlGoQA7Kb8P","baseKeyType":1,"closed":-1,"used":1713593668377,"created":1713593668377,"remoteIdentityKey":"BdQ6R1lG3HLiA9h8qkdIfOWQ3pXGR8IDOrP3WiV3g/QL"},"_chains":{"BdZgi5MnoWDGdur2/9tc8sQs9i0dZYBOKt05ntTuhmN6":{"chainKey":{"counter":0,"key":"WMmDY+i+GL3LKLParunkc91gLkA1hhjQBZaP8t6K7eI="},"chainType":1,"messageKeys":{}}},"pendingPreKey":{"signedKeyId":1,"baseKey":"BSpT63qJm398XOru6BxMt8gjCvpDUNKC5zlGoQA7Kb8P"}}},"version":"v1"}