{"_sessions":{"BVL34pohwepiU4LeBdi1Vep3XZa7phYcGTqxqxiFZ8EE":{"registrationId":117612424,"currentRatchet":{"ephemeralKeyPair":{"pubKey":"BRc+F/ACeVG+Q+IFA/D4iahiO4lNxUkrUqJHwJZo06M6","privKey":"+CSSMtuuZGshZCIgB02//yDc/CrV2sQj/J3t5BXt4VA="},"lastRemoteEphemeralKey":"BUfuCZ7DMha6IerXs44HzG/ujTjnukoMUf7f8xuWIjVn","previousCounter":0,"rootKey":"sVe+W0HuZuwmaswVG64Dz23u6Z1r30HzuFO1ib2eOO0="},"indexInfo":{"baseKey":"BVL34pohwepiU4LeBdi1Vep3XZa7phYcGTqxqxiFZ8EE","baseKeyType":1,"closed":-1,"used":1713593668456,"created":1713593668456,"remoteIdentityKey":"BfezfEap4sQ+NJNga5INDu866rcAndeHpAjM2SdPi41V"},"_chains":{"BRc+F/ACeVG+Q+IFA/D4iahiO4lNxUkrUqJHwJZo06M6":{"chainKey":{"counter":0,"key":"LrcBLZSRiVhGJ4wS6LQqShY7bnrfxNycD1QYlVTZwXs="},"chainType":1,"messageKeys":{}}},"pendingPreKey":{"signedKeyId":1,"baseKey":"BVL34pohwepiU4LeBdi1Vep3XZa7phYcGTqxqxiFZ8EE","preKeyId":1159011}}},"version":"v1"}