{"_sessions":{"BQVa4e6yLsVqZgxtkLbnpQt4MDWr86tXsiYArE2A5Ypf":{"registrationId":228133960,"currentRatchet":{"ephemeralKeyPair":{"pubKey":"BQP0yle57pie+ASUHIUoMzWOsO6/fCeHqxE8EQUd+iM8","privKey":"0AAXBWsNhMoZQp3AtxAGKYeiGTlVRkPuhhAP46/qSVg="},"lastRemoteEphemeralKey":"BSikYZs8jQ3TT5kilPM5X75t4b2CkPDR0NKZp1u63jdF","previousCounter":0,"rootKey":"RoLPIYvFducCnQ53yvCfx33AZbz4807dkZE5HJniYkM="},"indexInfo":{"baseKey":"BQVa4e6yLsVqZgxtkLbnpQt4MDWr86tXsiYArE2A5Ypf","baseKeyType":1,"closed":-1,"used":1713593668413,"created":1713593668413,"remoteIdentityKey":"BQ5Do8+oBn+Mo7QLnaMI1LD7eZWdPAtJ00uMDrM6EHlI"},"_chains":{"BQP0yle57pie+ASUHIUoMzWOsO6/fCeHqxE8EQUd+iM8":{"chainKey":{"counter":0,"key":"8arL/dd8w2uHTKHz8QarWCe30WZ7NQdxj+gtWU2XJls="},"chainType":1,"messageKeys":{}}},"pendingPreKey":{"signedKeyId":3,"baseKey":"BQVa4e6yLsVqZgxtkLbnpQt4MDWr86tXsiYArE2A5Ypf","preKeyId":2170550}}},"version":"v1"}