{"_sessions":{"BdbcBz+qQI6EKv4p5vCl6x32Dqh3WWultRQUYKhh89wS":{"registrationId":450108549,"currentRatchet":{"ephemeralKeyPair":{"pubKey":"Bb6gX7tvG0v47Rcw3HwO+Tm4tjWBgI8H/Lt2XcG//80D","privKey":"WKKwHEcpouZ2t3wXj5puW2eQhsllEVmrKhA2pjh1f2M="},"lastRemoteEphemeralKey":"Bba4l+prUNMvhSYPfHMNKTDL6XH0WHVWzIvMTAgd4ntY","previousCounter":0,"rootKey":"Igw0yhaO4PNX3KrdNMrJWhWyX6Mb6BH7GtIDH/R3q/Y="},"indexInfo":{"baseKey":"BdbcBz+qQI6EKv4p5vCl6x32Dqh3WWultRQUYKhh89wS","baseKeyType":2,"closed":1713593668601,"used":1713593674506,"created":1713593667106,"remoteIdentityKey":"BVv4F75MEfb+eJtr5QlxsRpC+qPflu+2nQdzQvib70R/"},"_chains":{"BdGf6/UA2uAGwV2DrnvE49HLfGa6crhsb1QBFE7nuJMR":{"chainKey":{"counter":0},"chainType":2,"messageKeys":{}},"Bba4l+prUNMvhSYPfHMNKTDL6XH0WHVWzIvMTAgd4ntY":{"chainKey":{"counter":0,"key":"lkSNv35k0fEs68ZovIOP1iL3MljvbDlh3XpxDpOpdEI="},"chainType":2,"messageKeys":{}},"Bb6gX7tvG0v47Rcw3HwO+Tm4tjWBgI8H/Lt2XcG//80D":{"chainKey":{"counter":-1,"key":"O7Zf+iQDXifWCh8ozcw+oTCNqzmAqcAFoXOHkNpHOgk="},"chainType":1,"messageKeys":{}}}},"BSoWSkErjRDRNGRPOEW3/8gg2F+kMW5K2eQbreAfw7dJ":{"registrationId":450108549,"currentRatchet":{"ephemeralKeyPair":{"pubKey":"BYEv/OYcjHasAZOIOILsL7ZBLQgixcpJKkVKtK2TzHxg","privKey":"MPqLSjPRU4N/atq36nqpjdPn76puBzQE918OhJNPj20="},"lastRemoteEphemeralKey":"Bba4l+prUNMvhSYPfHMNKTDL6XH0WHVWzIvMTAgd4ntY","previousCounter":-1,"rootKey":"w2oMW2pOI1PCzxAdyiyr0CLyz6zYbk4KZvbqN2DM7og="},"indexInfo":{"baseKey":"BSoWSkErjRDRNGRPOEW3/8gg2F+kMW5K2eQbreAfw7dJ","baseKeyType":2,"closed":-1,"used":1713593668603,"created":1713593668603,"remoteIdentityKey":"BVv4F75MEfb+eJtr5QlxsRpC+qPflu+2nQdzQvib70R/"},"_chains":{"BZUUb2VPSBCfiKOCDGm010oUv3bOL7itzlJTJ4w2usBp":{"chainKey":{"counter":0},"chainType":2,"messageKeys":{}},"Bba4l+prUNMvhSYPfHMNKTDL6XH0WHVWzIvMTAgd4ntY":{"chainKey":{"counter":0,"key":"EZHnDQ81gxhP9OfNzs5BQiu6VhiwAEpKZOnZXv5DvrQ="},"chainType":2,"messageKeys":{}},"BYEv/OYcjHasAZOIOILsL7ZBLQgixcpJKkVKtK2TzHxg":{"chainKey":{"counter":-1,"key":"ZTv6+pkO38u+86PJdr5/7XhUhqPouKWuRc54P7PALIY="},"chainType":1,"messageKeys":{}}}}},"version":"v1"}