{"_sessions":{"BZuEBox4rcSNco9Lu5WHTlP0zkqs9i3+zvILP3+8Uf1x":{"registrationId":634504838,"currentRatchet":{"ephemeralKeyPair":{"pubKey":"Bcf0gf332d142dyNGdYjCpxS7NVAvcEnUoyRraFM/eYs","privKey":"sDk0yLlFKzJjhnIXha5/zdRXf2BePtnKcoD+CBY9bUA="},"lastRemoteEphemeralKey":"BdEqW9IyUwyVa5aDJRo9R+xQhSFfnoJpSyc0xnYQU6p2","previousCounter":0,"rootKey":"S14IiM79woz5+dODvZuKss+foQIyfONgBIXA6dnqoZw="},"indexInfo":{"baseKey":"BZuEBox4rcSNco9Lu5WHTlP0zkqs9i3+zvILP3+8Uf1x","baseKeyType":1,"closed":-1,"used":1713593668512,"created":1713593668512,"remoteIdentityKey":"BQ+8OcIW8UWENf2uQ+1hEdr0xpNl9HA2bCok10ZLGekl"},"_chains":{"Bcf0gf332d142dyNGdYjCpxS7NVAvcEnUoyRraFM/eYs":{"chainKey":{"counter":0,"key":"NbNTpgS3DCyPhOXN7nCgwkhLUY/uRGIt8bvN5MsvUEM="},"chainType":1,"messageKeys":{}}},"pendingPreKey":{"signedKeyId":0,"baseKey":"BZuEBox4rcSNco9Lu5WHTlP0zkqs9i3+zvILP3+8Uf1x"}}},"version":"v1"}