{"_sessions":{"BS3UcJLE7lvu2lVQ2PqWKSCQhZHMxXkJRGOvS1wgnAUG":{"registrationId":238352221,"currentRatchet":{"ephemeralKeyPair":{"pubKey":"BUgOsoxUjTxHWKwru8Fel/C2lGWYDs9UmWOejOa6bTp5","privKey":"iBTz6dZMsKG+TQD/ScgmpapXhebhPUMyZKX2h/3ZJEc="},"lastRemoteEphemeralKey":"BcrcuRtIBPptrPFC6tFQ0lnfX4PXrbdYQF0vzcus4PpP","previousCounter":0,"rootKey":"rvnDkzbJ/cJVXS1YroZ2VFeRz7w7/4acsCelKZB+TT8="},"indexInfo":{"baseKey":"BS3UcJLE7lvu2lVQ2PqWKSCQhZHMxXkJRGOvS1wgnAUG","baseKeyType":1,"closed":-1,"used":1713593668498,"created":1713593668498,"remoteIdentityKey":"Bfjoi109ELy6ZqPAIHvX3T3xtCLnsrdRhbZbIwe3eNQ6"},"_chains":{"BUgOsoxUjTxHWKwru8Fel/C2lGWYDs9UmWOejOa6bTp5":{"chainKey":{"counter":0,"key":"7I/dT7RYtUbBbsYgt+vyfakta7Xr99mixiP0ygf0Xds="},"chainType":1,"messageKeys":{}}},"pendingPreKey":{"signedKeyId":0,"baseKey":"BS3UcJLE7lvu2lVQ2PqWKSCQhZHMxXkJRGOvS1wgnAUG","preKeyId":6606356}}},"version":"v1"}