{"_sessions":{"Bb7ST4vqeUzna2Hmbys5elL+hmdhDY/ovCM0J9qtTr9H":{"registrationId":811874705,"currentRatchet":{"ephemeralKeyPair":{"pubKey":"BZUQqb7JJfOqzHAPDo8Kocj6vspslr3ctWW9b90etD9y","privKey":"wC1pVdi+4E52xugPQt9Zcy4KswL9eacaShNJ0TNQdV0="},"lastRemoteEphemeralKey":"BXVdvBNX6cEJxMNq2+nkoEA66K5apyhFUbP206JvquQD","previousCounter":0,"rootKey":"5bj9YgJLp2OKAThgpXQrpQv6R5ZavbT+rRXxZ82xIws="},"indexInfo":{"baseKey":"Bb7ST4vqeUzna2Hmbys5elL+hmdhDY/ovCM0J9qtTr9H","baseKeyType":1,"closed":-1,"used":1713593668519,"created":1713593668519,"remoteIdentityKey":"BeRu7cmVlSzQaOud7oj3w3v/cajv4YvK4/blfyf8pf5p"},"_chains":{"BZUQqb7JJfOqzHAPDo8Kocj6vspslr3ctWW9b90etD9y":{"chainKey":{"counter":0,"key":"AYlCRwOii8x1t5HfWqLP4TtxpFPkDQUWvyWd3QW/OcQ="},"chainType":1,"messageKeys":{}}},"pendingPreKey":{"signedKeyId":8,"baseKey":"Bb7ST4vqeUzna2Hmbys5elL+hmdhDY/ovCM0J9qtTr9H","preKeyId":11055023}}},"version":"v1"}