{"_sessions":{"BRWYn8vSggOrynE+RetRkiFb5YJSEXiUmgqGS/uK9MBT":{"registrationId":1802725061,"currentRatchet":{"ephemeralKeyPair":{"pubKey":"BQJArqk79nLSfrPpV5xTxCsLlVhQUGH57HLiubHpjs5c","privKey":"iKMLe75gOaBUjVnWti/WH0pTAeHezLphjXUZla2qvHg="},"lastRemoteEphemeralKey":"BX5mLNsCLWZ3XH70X+Pc3QC+yG6uqMt2xy7s3dKTLNtt","previousCounter":0,"rootKey":"Wyw/u+lY4MmOarEeTbkJ7cg5TD6xsQqAaZIhliV5vOU="},"indexInfo":{"baseKey":"BRWYn8vSggOrynE+RetRkiFb5YJSEXiUmgqGS/uK9MBT","baseKeyType":1,"closed":-1,"used":1713593668393,"created":1713593668393,"remoteIdentityKey":"BdPdEevkfy12MgizTDm6gkfdOQYvBLNqJDO9yERRZgF9"},"_chains":{"BQJArqk79nLSfrPpV5xTxCsLlVhQUGH57HLiubHpjs5c":{"chainKey":{"counter":0,"key":"f4SZekx/elufNNPREnbjppVaUZxr1hNJBKiEHT0uoMM="},"chainType":1,"messageKeys":{}}},"pendingPreKey":{"signedKeyId":14,"baseKey":"BRWYn8vSggOrynE+RetRkiFb5YJSEXiUmgqGS/uK9MBT","preKeyId":4943686}}},"version":"v1"}