{"_sessions":{"BXGNnbbU2zX+/ns+0Tl6slvePvkrQ0KCYPTIfGn3mMUp":{"registrationId":1638799954,"currentRatchet":{"ephemeralKeyPair":{"pubKey":"BfSbmiDVWipI+l6kGC4R1F78/w06bj1IR2jP3yd/eWIV","privKey":"iGCdu+00iYLOd42AgqbgfB5lOW2K/KHgVutHZAkG3m4="},"lastRemoteEphemeralKey":"BQoctDo7apU8P0+Pxtn/mDIAtYVOeNQpp88+H/JEQuso","previousCounter":0,"rootKey":"XyW7IcdoEAKD8RdRcsMm+byCMe+/wN1jYDftZeAtKjg="},"indexInfo":{"baseKey":"BXGNnbbU2zX+/ns+0Tl6slvePvkrQ0KCYPTIfGn3mMUp","baseKeyType":1,"closed":-1,"used":1713593668476,"created":1713593668476,"remoteIdentityKey":"BdL1N3tt3yh0wa3vw/g4XD0JHF7St08F6VihRiCeELAD"},"_chains":{"BfSbmiDVWipI+l6kGC4R1F78/w06bj1IR2jP3yd/eWIV":{"chainKey":{"counter":0,"key":"PAl7N1zJq9b/vOMIkAQsTIjU3Ba0yAn1HwXOec17b68="},"chainType":1,"messageKeys":{}}},"pendingPreKey":{"signedKeyId":19,"baseKey":"BXGNnbbU2zX+/ns+0Tl6slvePvkrQ0KCYPTIfGn3mMUp","preKeyId":16672588}}},"version":"v1"}