{"_sessions":{"BZomDI+MH/TunR7XwGxNEqbyCO1pvje2JSIOjvBt/3c7":{"registrationId":893855941,"currentRatchet":{"ephemeralKeyPair":{"pubKey":"BVejZd1dDohfBXuBzGAMRVaYRN+6BI/oE4xjHHJVNzRg","privKey":"mMMY22c9vNTWoIny7620s6QTE1XeSIlywSiEDqgi20g="},"lastRemoteEphemeralKey":"BQMGUTSvlXp69YWJp5HImd4OIgW0wQ2dhrlC4xx6js8a","previousCounter":0,"rootKey":"7bz4jcl2AbF5eXIIkVFME3Tkj8DuNIlgM2Du6jifSbk="},"indexInfo":{"baseKey":"BZomDI+MH/TunR7XwGxNEqbyCO1pvje2JSIOjvBt/3c7","baseKeyType":1,"closed":-1,"used":1713593668494,"created":1713593668494,"remoteIdentityKey":"BZN1QQrOQWwRzLA8TFVl/ADRZE0CqezBs2awYXQM2rAG"},"_chains":{"BVejZd1dDohfBXuBzGAMRVaYRN+6BI/oE4xjHHJVNzRg":{"chainKey":{"counter":0,"key":"GPGFLTTNUbt2rwvRBzvls78NTGP2LpTVFTifL7LxDmg="},"chainType":1,"messageKeys":{}}},"pendingPreKey":{"signedKeyId":9,"baseKey":"BZomDI+MH/TunR7XwGxNEqbyCO1pvje2JSIOjvBt/3c7","preKeyId":10622747}}},"version":"v1"}