{"_sessions":{"BXboeWDf++ojpMoeQtROlQWl9PMeOYWBbDs5FWCZcREa":{"registrationId":2133661266,"currentRatchet":{"ephemeralKeyPair":{"pubKey":"BURTp3aHFsgs58P74O6rTVyXgVSiYjmU9vhRsjf6BaIA","privKey":"8F7yqgAhhA4c/WJKrlGnrqnPjwXZOvma5g7+uQNW2Ec="},"lastRemoteEphemeralKey":"BRHPFjl3jszOIE13zKtpm0RHY8iaR8E/byPgI/O0pl5e","previousCounter":0,"rootKey":"akm/zbqZPcfyfySHCGerd7WzPdCwZr3K692SChIonhk="},"indexInfo":{"baseKey":"BXboeWDf++ojpMoeQtROlQWl9PMeOYWBbDs5FWCZcREa","baseKeyType":1,"closed":-1,"used":1713593668417,"created":1713593668417,"remoteIdentityKey":"BSjTw2dvLFGj+HyN3pG3XRwrIQ+FGTC7xYucmmj5bQ04"},"_chains":{"BURTp3aHFsgs58P74O6rTVyXgVSiYjmU9vhRsjf6BaIA":{"chainKey":{"counter":0,"key":"RUlYp8VkbdVJXc623ixrvW+nP2Z4/R0yMNZY64PV2Qk="},"chainType":1,"messageKeys":{}}},"pendingPreKey":{"signedKeyId":0,"baseKey":"BXboeWDf++ojpMoeQtROlQWl9PMeOYWBbDs5FWCZcREa"}}},"version":"v1"}