{"_sessions":{"BQ7dBX08r7O+Q3z1PVMxnGcAGadJKZ2YIvQrO3EAifFV":{"registrationId":2019758659,"currentRatchet":{"ephemeralKeyPair":{"pubKey":"BdP47f6qWJ4SotVBy0qlTl4zXKq21gUop2aM/giDSpdL","privKey":"KA6ovivugt0m/HQYRa8UES5wujbE9CIwUtUjhcQvg2c="},"lastRemoteEphemeralKey":"BayykesRyaLJ3tocjnQfLF4D7POxI7f+m0zItuxTuetB","previousCounter":0,"rootKey":"shmx8ag9qYJ6hww4jnpUnNCXl2FbDOeYHYkCm9ZVL9Y="},"indexInfo":{"baseKey":"BQ7dBX08r7O+Q3z1PVMxnGcAGadJKZ2YIvQrO3EAifFV","baseKeyType":1,"closed":-1,"used":1713593668510,"created":1713593668510,"remoteIdentityKey":"BesBaer8K/GVoAXG/zzKqTgb3QLnU3nQBWe5LsAcg7Vl"},"_chains":{"BdP47f6qWJ4SotVBy0qlTl4zXKq21gUop2aM/giDSpdL":{"chainKey":{"counter":0,"key":"cAr8u6YdG8IgCL0uYcokjA02vXxPFxSsKSg/Fy6pRMM="},"chainType":1,"messageKeys":{}}},"pendingPreKey":{"signedKeyId":1,"baseKey":"BQ7dBX08r7O+Q3z1PVMxnGcAGadJKZ2YIvQrO3EAifFV","preKeyId":15100378}}},"version":"v1"}