{"_sessions":{"Bbke0r4w9bpfhyDrUCs2KOFSvV8f/anuT/1e61mFm0kO":{"registrationId":82540432,"currentRatchet":{"ephemeralKeyPair":{"pubKey":"BV0/1+rJ5y8MgGzzMikmfaahQjs/2P+LmaF2R1oObAgT","privKey":"uJ+eh0oboYTjeSQO9cBXgbe4zsAXjQwJtqslwxPWI0Y="},"lastRemoteEphemeralKey":"BccNcQ0yzMey7o+lzsC7wZdVHShHQ3VBI+GKqLrV/gt1","previousCounter":0,"rootKey":"d3E38hXSTK6uRsuhmBlcR5UK16ky+mZgsmbo3pAy8IU="},"indexInfo":{"baseKey":"Bbke0r4w9bpfhyDrUCs2KOFSvV8f/anuT/1e61mFm0kO","baseKeyType":1,"closed":-1,"used":1713593668485,"created":1713593668485,"remoteIdentityKey":"BYD55+Yy57oCnGBKj45atum6XWAws5Bd3sv96pCJRL0C"},"_chains":{"BV0/1+rJ5y8MgGzzMikmfaahQjs/2P+LmaF2R1oObAgT":{"chainKey":{"counter":0,"key":"PUpbp7ljMRs6U+xTfMvQcM9fseWcoOg6YYjiX3g5Epg="},"chainType":1,"messageKeys":{}}},"pendingPreKey":{"signedKeyId":2,"baseKey":"Bbke0r4w9bpfhyDrUCs2KOFSvV8f/anuT/1e61mFm0kO","preKeyId":4198620}}},"version":"v1"}