{"_sessions":{"BZP/zQoHFzcirtu3rVpfLIvJA3u9RjZ+bYXYF7sZ6qE6":{"registrationId":1056659691,"currentRatchet":{"ephemeralKeyPair":{"pubKey":"BU24j6fO2BvP054Lvbo4M5Y9oZGZG+I+xr/dEuWYnEUv","privKey":"6BlYIgolWr0VcktxpVrHCUUQGxGVgmeFT8AHRXpNInw="},"lastRemoteEphemeralKey":"BbV/FRn9hOaAgALEUzSfbaQ2gBPgdIuEoD1HE/2PpKwR","previousCounter":0,"rootKey":"kg7+C7cTAjtz6Eo4SaDslvbEJb0gW9OvpcYcKn0u/nM="},"indexInfo":{"baseKey":"BZP/zQoHFzcirtu3rVpfLIvJA3u9RjZ+bYXYF7sZ6qE6","baseKeyType":1,"closed":-1,"used":1713593668525,"created":1713593668525,"remoteIdentityKey":"BaWRLM37lzBRLD5P0EehUp8Fqbl5r8JVAuTNJhbj/79l"},"_chains":{"BU24j6fO2BvP054Lvbo4M5Y9oZGZG+I+xr/dEuWYnEUv":{"chainKey":{"counter":0,"key":"bE2CDX0kGe6BpVcFq07LfS0SCWNdSG8+rzOY5UvWCUI="},"chainType":1,"messageKeys":{}}},"pendingPreKey":{"signedKeyId":16,"baseKey":"BZP/zQoHFzcirtu3rVpfLIvJA3u9RjZ+bYXYF7sZ6qE6","preKeyId":10331174}}},"version":"v1"}