{"_sessions":{"BV+W0qKaOPSsN6vIIUJ6hOHgOfXN8RawgoAbY012i0EA":{"registrationId":1674447956,"currentRatchet":{"ephemeralKeyPair":{"pubKey":"BaZMls13nCq3hFmqGXtyhT4MWOyQR8hiprRfabojoBZh","privKey":"cHJdXlq6K5RQsekE4VshYfq4L6MI4D1/p1kJ2o3ysGM="},"lastRemoteEphemeralKey":"BfawyUEKTliN0G4QwtzphhdVygkMcrthwDzfl8y3zA0D","previousCounter":0,"rootKey":"NjBAoBq/1jBIHQwID5A0mpxgTR8BttRp0LWnxqP7VXw="},"indexInfo":{"baseKey":"BV+W0qKaOPSsN6vIIUJ6hOHgOfXN8RawgoAbY012i0EA","baseKeyType":1,"closed":-1,"used":1713593668406,"created":1713593668406,"remoteIdentityKey":"BecXYm50+VdOjQqDL2P/xoGJQw2YYHnrtQHnyMhuO/hD"},"_chains":{"BaZMls13nCq3hFmqGXtyhT4MWOyQR8hiprRfabojoBZh":{"chainKey":{"counter":0,"key":"grNNSD1XOHBzp6O7xxFLGPtp50Q213uhy4hKyDrNQpI="},"chainType":1,"messageKeys":{}}},"pendingPreKey":{"signedKeyId":29,"baseKey":"BV+W0qKaOPSsN6vIIUJ6hOHgOfXN8RawgoAbY012i0EA","preKeyId":12311838}}},"version":"v1"}