{"_sessions":{"Bc/2YiQDTQp2k6RKr90yMtlolgVeui4gj9wb5Opj9EBw":{"registrationId":1167004897,"currentRatchet":{"ephemeralKeyPair":{"pubKey":"BWWOcLJ2vE9HBieaP5pVb1WN/+VxA80FLEL4sNTGTQ85","privKey":"yJafN+srKvHdUA3PRMS2/inMxZvJ7jxiK+Z0c5YI20Q="},"lastRemoteEphemeralKey":"Bf2LZ5faEqBS0zQzczAEJwtTCS2j4yY3+kplv8ZBCqsU","previousCounter":0,"rootKey":"JKRCRGKSKuAAytiqEBsTl0OCeZr6FZk4wmeB4ffkotw="},"indexInfo":{"baseKey":"Bc/2YiQDTQp2k6RKr90yMtlolgVeui4gj9wb5Opj9EBw","baseKeyType":1,"closed":-1,"used":1713593668387,"created":1713593668387,"remoteIdentityKey":"Be+j0747vd3XhUoKELGsLYhkQ592xat8W1Ay/RhbIKR9"},"_chains":{"BWWOcLJ2vE9HBieaP5pVb1WN/+VxA80FLEL4sNTGTQ85":{"chainKey":{"counter":0,"key":"hieUQ1oFoV1ScrwzctOWbaSuEaln+Jfy0B6AvIgausw="},"chainType":1,"messageKeys":{}}},"pendingPreKey":{"signedKeyId":2464694,"baseKey":"Bc/2YiQDTQp2k6RKr90yMtlolgVeui4gj9wb5Opj9EBw","preKeyId":7520}}},"version":"v1"}