{"_sessions":{"BXaG3seyyRtDlQVvoZwPXhuO2FAra1mNJFbMS4jDsooH":{"registrationId":582357630,"currentRatchet":{"ephemeralKeyPair":{"pubKey":"Bewuunf9RLZNchtpUvZtZGhrFHb/2qh3XQZJmxRmjCdL","privKey":"KCptpD1hwcKNcqKHf8wN8AZp6+g9eAvyOQyzDF69x0I="},"lastRemoteEphemeralKey":"BZsEKvW+AKAavWddgedeviIWrz2NtZJduuhZ7XC7bCE7","previousCounter":0,"rootKey":"MJ2YJvjqi7RFNj8+C2qGxeFUDLn1a8cqJPVvJZwTlec="},"indexInfo":{"baseKey":"BXaG3seyyRtDlQVvoZwPXhuO2FAra1mNJFbMS4jDsooH","baseKeyType":1,"closed":-1,"used":1713593683388,"created":1713593668472,"remoteIdentityKey":"BfAlUF/nDhawj0GCZUdJElsKLPhB0TrED9sq/EmL3c8a"},"_chains":{"BZsEKvW+AKAavWddgedeviIWrz2NtZJduuhZ7XC7bCE7":{"chainKey":{"counter":0,"key":"N68+dywdiGM5q3/IKxdRTDwiCQzlkjH+yYaghp8GkFM="},"chainType":2,"messageKeys":{}},"Bewuunf9RLZNchtpUvZtZGhrFHb/2qh3XQZJmxRmjCdL":{"chainKey":{"counter":-1,"key":"9EWnczGjGoEHwQEofw5O2IOGZlpn8oWzcwk8mFmgK3I="},"chainType":1,"messageKeys":{}}}}},"version":"v1"}