{"_sessions":{"BQMem/ezACDrhDfbTDvI+GV29fpV1AkA3qDQUJ9G8zA9":{"registrationId":105091028,"currentRatchet":{"ephemeralKeyPair":{"pubKey":"BfZLNDvqo2KhQFrgCeMRnbjBeUSjMT50BTfePrQwgowD","privKey":"yMqHZOaghKUug7BJQWvjFMGiOv0Kwgc60do/VORBVUI="},"lastRemoteEphemeralKey":"BXOx8b5VJbL+s4/XAjXTdKCIkm3qd2ptwodCBHXMAW1T","previousCounter":0,"rootKey":"7h3YX7xQFA8Et1BQxX/1aCGJ0t/9fcL/qXTPlATfFUU="},"indexInfo":{"baseKey":"BQMem/ezACDrhDfbTDvI+GV29fpV1AkA3qDQUJ9G8zA9","baseKeyType":1,"closed":-1,"used":1713593668529,"created":1713593668529,"remoteIdentityKey":"BVeYsVwj0MOLFhN7t9AQ+BybapXXBFYYdzPezS8QhzYa"},"_chains":{"BfZLNDvqo2KhQFrgCeMRnbjBeUSjMT50BTfePrQwgowD":{"chainKey":{"counter":0,"key":"nXFpr5a2Z2TxjfjRYrV8fDAF5t7wMQdEvdzSXeQCEZo="},"chainType":1,"messageKeys":{}}},"pendingPreKey":{"signedKeyId":6,"baseKey":"BQMem/ezACDrhDfbTDvI+GV29fpV1AkA3qDQUJ9G8zA9","preKeyId":2744142}}},"version":"v1"}