{"_sessions":{"Bc3zDhilC/WQiZqLm7LpuIfzW9U9bGheamKOVBB6hit+":{"registrationId":1603834520,"currentRatchet":{"ephemeralKeyPair":{"pubKey":"BQCETlEH+0uGecyXNw2vZenZOR/5P3oXF66XadlYJbdg","privKey":"eN/+bxMv+qj0bSc9tfa0+DV8g/YYWgHwhsWUQys/M1Q="},"lastRemoteEphemeralKey":"BWZe3qit3ek7vlOEzc9+SGNZBJzrl9KAcLmeEmspQnET","previousCounter":0,"rootKey":"3yJw+JbZUatX9revX4oc3X7225RMWVAq3ORucSJiCc4="},"indexInfo":{"baseKey":"Bc3zDhilC/WQiZqLm7LpuIfzW9U9bGheamKOVBB6hit+","baseKeyType":1,"closed":-1,"used":1713593668482,"created":1713593668482,"remoteIdentityKey":"BfQbUuL2SwSpxNjg5DhYzW0Nt/7iEAt7LbuXyGp5lekQ"},"_chains":{"BQCETlEH+0uGecyXNw2vZenZOR/5P3oXF66XadlYJbdg":{"chainKey":{"counter":0,"key":"e063bwsB7HIXHNQ/9AqQtacB4E5bkXi4KEkGeuqcRaE="},"chainType":1,"messageKeys":{}}},"pendingPreKey":{"signedKeyId":11,"baseKey":"Bc3zDhilC/WQiZqLm7LpuIfzW9U9bGheamKOVBB6hit+","preKeyId":4798570}}},"version":"v1"}