{"_sessions":{"BWsuuobkFnTsI7c1vHLwD2dTAwxN16+b++Bg25eQI3cm":{"registrationId":973454196,"currentRatchet":{"ephemeralKeyPair":{"pubKey":"BTHu4BVEVK2SFAyQ8Q31wH6ZunhBqI1oCqqzi81BuoY1","privKey":"uPprxR8dJPxYeDxKrgvixISa7PIiOlYffXRsKygGc0I="},"lastRemoteEphemeralKey":"BdEvjz5NjBoUVTQNRGI6V5apTnshGlJYjWfWtPL/S+g0","previousCounter":0,"rootKey":"QL2vDirceW3mg/80kctLXS4Scjg+BooY6nwsOJMieaU="},"indexInfo":{"baseKey":"BWsuuobkFnTsI7c1vHLwD2dTAwxN16+b++Bg25eQI3cm","baseKeyType":1,"closed":-1,"used":1713593668505,"created":1713593668505,"remoteIdentityKey":"Bad8AxUVGoxU+p91VuvvJibATyWPIe2hSyXlE6Yzii4h"},"_chains":{"BTHu4BVEVK2SFAyQ8Q31wH6ZunhBqI1oCqqzi81BuoY1":{"chainKey":{"counter":0,"key":"BUTd/m2M3hiC9faV52bcbK1KvMCzLJYKsWmcyagUrIw="},"chainType":1,"messageKeys":{}}},"pendingPreKey":{"signedKeyId":7,"baseKey":"BWsuuobkFnTsI7c1vHLwD2dTAwxN16+b++Bg25eQI3cm","preKeyId":15049291}}},"version":"v1"}