{"_sessions":{"BeTaYL6aQKn5qpdZi3uPl8X6dJhjFffZef4VZ0eNMtAR":{"registrationId":912713087,"currentRatchet":{"ephemeralKeyPair":{"pubKey":"BQ9+/mmOI7BSRVvUX74+q+X7yIaDP72jF2lIgZY8QsM+","privKey":"kC8V3N2U/jSuKUd+YQ5lnF4WrbP3aBzoDVrDqq9j618="},"lastRemoteEphemeralKey":"BWGDdxf3ED4lTXwsCalqF2wtrnUAAOFbQQZcyE3CtWEi","previousCounter":0,"rootKey":"/Ez3qw/V6LtdAobAnPpwZeuwdrYG8RN75lCQqjztG4E="},"indexInfo":{"baseKey":"BeTaYL6aQKn5qpdZi3uPl8X6dJhjFffZef4VZ0eNMtAR","baseKeyType":1,"closed":-1,"used":1713593668463,"created":1713593668463,"remoteIdentityKey":"BTGCsK986VATKnVTdF8G2Dqbp+4ukg8HAOowNGCTbbZd"},"_chains":{"BQ9+/mmOI7BSRVvUX74+q+X7yIaDP72jF2lIgZY8QsM+":{"chainKey":{"counter":0,"key":"XztQSuE28m4JZqCMatcX9xbe6r2KemctXCWDA4fSy+8="},"chainType":1,"messageKeys":{}}},"pendingPreKey":{"signedKeyId":18,"baseKey":"BeTaYL6aQKn5qpdZi3uPl8X6dJhjFffZef4VZ0eNMtAR","preKeyId":10736891}}},"version":"v1"}