{"_sessions":{"BbxTiw+SgmEmCvbgAXcVVNcWSRXPeo/sumd00TSpdkls":{"registrationId":576278873,"currentRatchet":{"ephemeralKeyPair":{"pubKey":"BTbcrnanXs9fco9HQ+VWSAHSb1VaU15wEqcJcdeCCw9I","privKey":"kJMoxHTyPbkkmK7sgKtnW3J3MFRszdAAG3jrAEXbHFg="},"lastRemoteEphemeralKey":"BWuPHxNbhJ7X13fTha8o2WJXM8HDIBXt5nHIWvidB6Qd","previousCounter":0,"rootKey":"dREjTLmwh1Dx/hIB/1yHg1khM8dWoMxM3fyu4OTDceo="},"indexInfo":{"baseKey":"BbxTiw+SgmEmCvbgAXcVVNcWSRXPeo/sumd00TSpdkls","baseKeyType":1,"closed":-1,"used":1713593668478,"created":1713593668478,"remoteIdentityKey":"BW8tL3knuPWGyp4i0RHdJB1TyUred5tn8FxNUC1jfIlM"},"_chains":{"BTbcrnanXs9fco9HQ+VWSAHSb1VaU15wEqcJcdeCCw9I":{"chainKey":{"counter":0,"key":"/9PZmobQNF9Ch+y6pC/FQT/gWIA97q33CDzGoKsTC4o="},"chainType":1,"messageKeys":{}}},"pendingPreKey":{"signedKeyId":11,"baseKey":"BbxTiw+SgmEmCvbgAXcVVNcWSRXPeo/sumd00TSpdkls","preKeyId":1035309}}},"version":"v1"}