{"_sessions":{"BZDFJ2FjM0LZMC7SiA2HJwmWncs+zM+QHHzuPNMMTBoO":{"registrationId":1725013985,"currentRatchet":{"ephemeralKeyPair":{"pubKey":"BeskKQWW8mx4zbMN/Q2iMwKu8GKewQCrrXYieNThc2Z/","privKey":"+DTT7CbLBh2ZpE9hlIv+zgVHmfzH5hihFyG9q+gWBGQ="},"lastRemoteEphemeralKey":"BRZMhgwoFTBpyg4x+8bHP5A5EFmdYYRTizLq9Y69qZ1O","previousCounter":0,"rootKey":"FE043g9/vFGoUNRnBf7aaeIE04sGSavENLeZpY8+RfM="},"indexInfo":{"baseKey":"BZDFJ2FjM0LZMC7SiA2HJwmWncs+zM+QHHzuPNMMTBoO","baseKeyType":1,"closed":-1,"used":1713593668461,"created":1713593668461,"remoteIdentityKey":"BXlXaMHxnRBplQlQOHGRFYMrMgRy4WKkiWqx/fkyzUZ2"},"_chains":{"BeskKQWW8mx4zbMN/Q2iMwKu8GKewQCrrXYieNThc2Z/":{"chainKey":{"counter":0,"key":"r7WmRuPgkZHBIIyjBu04wr0hIS2AOlNp+UqXlKazP0A="},"chainType":1,"messageKeys":{}}},"pendingPreKey":{"signedKeyId":0,"baseKey":"BZDFJ2FjM0LZMC7SiA2HJwmWncs+zM+QHHzuPNMMTBoO","preKeyId":15957907}}},"version":"v1"}