{"_sessions":{"BU4sTJTREVk0xeX9GKhgEIma+4tp4uTYejnyE6wjlopL":{"registrationId":274210981,"currentRatchet":{"ephemeralKeyPair":{"pubKey":"BSjd4VOWoxUzzikJ6th1vLW38rbcpJYbzstfyof3i7wq","privKey":"YEKnhg18K83Pi2EZAlBgaEcMLsWItVJSD2C/VWYHuVI="},"lastRemoteEphemeralKey":"BQdQb6G6XWlBLU+Ub5NZ86Fl92XqNjdYNK9cr/QDRdIz","previousCounter":0,"rootKey":"yot4VL1ILbgRrAPy1FyZMn12Kkgpw6UJp0vCR6RYaDI="},"indexInfo":{"baseKey":"BU4sTJTREVk0xeX9GKhgEIma+4tp4uTYejnyE6wjlopL","baseKeyType":1,"closed":-1,"used":1713593668480,"created":1713593668480,"remoteIdentityKey":"BUldochbomlXUZqNJhGJv8aRQg0cSR0wGjcG382X01tF"},"_chains":{"BSjd4VOWoxUzzikJ6th1vLW38rbcpJYbzstfyof3i7wq":{"chainKey":{"counter":0,"key":"ZGgbKDR3OSF7lLUNotK7ilI0+oIpxuQFxUXYa2myd9Y="},"chainType":1,"messageKeys":{}}},"pendingPreKey":{"signedKeyId":1,"baseKey":"BU4sTJTREVk0xeX9GKhgEIma+4tp4uTYejnyE6wjlopL","preKeyId":460247}}},"version":"v1"}