{"_sessions":{"BUF3lmhwILMDWju23XoPtHIE4yLw0zSo32IAA90oAboX":{"registrationId":1680451721,"currentRatchet":{"ephemeralKeyPair":{"pubKey":"BWdFSaNr7ZmBAcNtWonj6Swj0nV7UfjsE5OcDBnMeLpz","privKey":"6BCD074ePFpyVbepdc0FdsZB3gBuNHa2iGeTvEmYUV4="},"lastRemoteEphemeralKey":"BdXxpwwFdmOJ4A57QL1W4TE8ZI0lsWjI2SmyNnvo5zBT","previousCounter":0,"rootKey":"SZGrl2l5SnUowxFK0M94ng/9H4+jD0SJ/TTEDVOzyvE="},"indexInfo":{"baseKey":"BUF3lmhwILMDWju23XoPtHIE4yLw0zSo32IAA90oAboX","baseKeyType":2,"closed":-1,"used":1713593660016,"created":1713590037040,"remoteIdentityKey":"BQAJpfYAqcNdUKKAZYG69Cpk+ZDwsrd4rY7HeAWLOpJM"},"_chains":{"BfUSe5O0rn8HzDbPveoUM8BOvXyuneRvtSNQVJJNXd8+":{"chainKey":{"counter":1},"chainType":2,"messageKeys":{}},"Ba8NWJb4J5XxKPETvnQ04s1NXlwUolhBjoG8iaQRLH5Y":{"chainKey":{"counter":14},"chainType":2,"messageKeys":{}},"BdXxpwwFdmOJ4A57QL1W4TE8ZI0lsWjI2SmyNnvo5zBT":{"chainKey":{"counter":0,"key":"VrmwngKI0M+Y/6q4M/UgPIV4tKi0Q711wQXW22VBRqs="},"chainType":2,"messageKeys":{}},"BWdFSaNr7ZmBAcNtWonj6Swj0nV7UfjsE5OcDBnMeLpz":{"chainKey":{"counter":0,"key":"janNgzDYvC0dDBPuZQMCbxqw/UGh7z52qVO18H4BGqc="},"chainType":1,"messageKeys":{}}}}},"version":"v1"}