{"_sessions":{"BawS9zYNwumQ8WF4efLHCfJVLkFVd4N7k+frRbpZuCow":{"registrationId":843856076,"currentRatchet":{"ephemeralKeyPair":{"pubKey":"BUC6vzPTOXbMAtrPhDP62dEQ/1RWqgopSdZUcHtbzUNo","privKey":"aCjDd0tuI4slQ2de92iA0SA59GMJFm3e2ITP4U9LE1E="},"lastRemoteEphemeralKey":"BRiLn+gr2gG3LlXh10eyT4h5wCG9or77EI0W4OXnyMAb","previousCounter":0,"rootKey":"2v+SwS0B+C5/1B+TtQ1T2Cto2JbHXB4FFI0XmvxjX1k="},"indexInfo":{"baseKey":"BawS9zYNwumQ8WF4efLHCfJVLkFVd4N7k+frRbpZuCow","baseKeyType":1,"closed":-1,"used":1713593668500,"created":1713593668500,"remoteIdentityKey":"BayNGzJdQeKvK8sOQbK+hOoZDQuOVN2cqs/tGAtD8REq"},"_chains":{"BUC6vzPTOXbMAtrPhDP62dEQ/1RWqgopSdZUcHtbzUNo":{"chainKey":{"counter":0,"key":"6L6kU/ph2LIf165qm/DMnsukjrFwFQFAB5SuQRHX2Zw="},"chainType":1,"messageKeys":{}}},"pendingPreKey":{"signedKeyId":2,"baseKey":"BawS9zYNwumQ8WF4efLHCfJVLkFVd4N7k+frRbpZuCow","preKeyId":7434669}}},"version":"v1"}