{"_sessions":{"BQt9WJMWqFz+A9K3vhG5KIvm0KDHLivaborxccm6XM84":{"registrationId":1554359416,"currentRatchet":{"ephemeralKeyPair":{"pubKey":"BQOYqiiz7/rQlMtek2iJtbl8j495j3SW9TWRrQtacAwI","privKey":"wPB1ILDg3GXda1lPT+oWtSWTWrLQ/hn3000aV4KABmA="},"lastRemoteEphemeralKey":"BZcX1ao34JNfG19KlY2ZyY4nW9vQ3UnU6qUhcP9dVWQU","previousCounter":0,"rootKey":"E1nWXrBOiowhbUc+XLWBifbjCcM8aminhehjiTMSR4s="},"indexInfo":{"baseKey":"BQt9WJMWqFz+A9K3vhG5KIvm0KDHLivaborxccm6XM84","baseKeyType":1,"closed":-1,"used":1713593668501,"created":1713593668501,"remoteIdentityKey":"BRSn/FMJafHVPxcLtIWX5+AUd2gjXIJXu3aNnjXRl2Rk"},"_chains":{"BQOYqiiz7/rQlMtek2iJtbl8j495j3SW9TWRrQtacAwI":{"chainKey":{"counter":0,"key":"ODjh3bOlsXLvdoyqkpKH4rEAwHbooJHdOQnZe5EMT+E="},"chainType":1,"messageKeys":{}}},"pendingPreKey":{"signedKeyId":10,"baseKey":"BQt9WJMWqFz+A9K3vhG5KIvm0KDHLivaborxccm6XM84","preKeyId":7527954}}},"version":"v1"}