{"_sessions":{"BRWXmWLNVZprnwCjYi2pgUQfdF+k66ACRTua1D27IUlO":{"registrationId":1899984416,"currentRatchet":{"ephemeralKeyPair":{"pubKey":"BW//3Hw/PEkQ+DfviLLVnlg/mBrwR2uHyUNyphcdJ9w+","privKey":"SOVDPbJ6gPJ1GrXTV1zYnSs0OY8z6J9Jz8T5v55Ph24="},"lastRemoteEphemeralKey":"BZ1Ho1Y/ZX1v1WLsLJMPdaScecplIf6+Z4bF/Z2qK6EZ","previousCounter":0,"rootKey":"t61zMLfjDa30k3A9PFJcvQYJBUt0Jtc+1pfZOI79mgg="},"indexInfo":{"baseKey":"BRWXmWLNVZprnwCjYi2pgUQfdF+k66ACRTua1D27IUlO","baseKeyType":1,"closed":-1,"used":1713593668412,"created":1713593668412,"remoteIdentityKey":"BQQWY/+YBwJh2ihtlnZ1Guxg6s98NDTHssQYcPGL8pJx"},"_chains":{"BW//3Hw/PEkQ+DfviLLVnlg/mBrwR2uHyUNyphcdJ9w+":{"chainKey":{"counter":0,"key":"Zbg+LcwpvejH+3QsN11qdxs1j8+C+YKK1QzqMvvfyl0="},"chainType":1,"messageKeys":{}}},"pendingPreKey":{"signedKeyId":68,"baseKey":"BRWXmWLNVZprnwCjYi2pgUQfdF+k66ACRTua1D27IUlO","preKeyId":6789224}}},"version":"v1"}