{"_sessions":{"BeRh0tRmnOj7tpYPN0KjHHKtSFe5Rktr8cJGy4YUgz82":{"registrationId":289575651,"currentRatchet":{"ephemeralKeyPair":{"pubKey":"BePacr5Xn8pGR58Iw14KSnLzOjAVo5me9pSDk58vgPYc","privKey":"oBinzTbtvugONevRgsU6LNcO+UsykwAuryiHHdoEzHY="},"lastRemoteEphemeralKey":"Bf6/rymQrvmgVOIJIPgU0J2xDyW5s4DcWmtPDxpr4Mgb","previousCounter":0,"rootKey":"W/r4Bhw4OpYtphowLbRQb2HRthvwDP+l7fOt64JYeD0="},"indexInfo":{"baseKey":"BeRh0tRmnOj7tpYPN0KjHHKtSFe5Rktr8cJGy4YUgz82","baseKeyType":1,"closed":-1,"used":1713593668534,"created":1713593668534,"remoteIdentityKey":"BbiRqXJVmhVln3psJgwZwidCQc4d/QnaOugRshZyO9gu"},"_chains":{"BePacr5Xn8pGR58Iw14KSnLzOjAVo5me9pSDk58vgPYc":{"chainKey":{"counter":0,"key":"whyU5UFFcBraciKhDGPFkHubfqsls47TI19PITuQSlw="},"chainType":1,"messageKeys":{}}},"pendingPreKey":{"signedKeyId":8,"baseKey":"BeRh0tRmnOj7tpYPN0KjHHKtSFe5Rktr8cJGy4YUgz82","preKeyId":13268387}}},"version":"v1"}