{"_sessions":{"BbhEmCFQNC0wJdCtlotIvbli+uLAkG9kU8hMX3Ng0mQY":{"registrationId":1888550977,"currentRatchet":{"ephemeralKeyPair":{"pubKey":"BVsKLmtl+84XB89ON/7QbrIypoYdML/R03iYPiAYpz85","privKey":"2IlhH5LEd3QrToYvxXHsymt3pQnrk7z8ydh8KbpNB2M="},"lastRemoteEphemeralKey":"BVe/uuNFmuCVweY/+YsgD1EA/32yPOXDG39JVMvEPhlj","previousCounter":0,"rootKey":"eSNmoM1aDV1pADcDPLdhaVFjQloeNLILU1V3ppl/HYU="},"indexInfo":{"baseKey":"BbhEmCFQNC0wJdCtlotIvbli+uLAkG9kU8hMX3Ng0mQY","baseKeyType":1,"closed":-1,"used":1713593668487,"created":1713593668487,"remoteIdentityKey":"BWZEaHlo4oDuYbsulq2lfBd115yn2Boh52JpO4HnAvwl"},"_chains":{"BVsKLmtl+84XB89ON/7QbrIypoYdML/R03iYPiAYpz85":{"chainKey":{"counter":0,"key":"FDVgrRnnAtMbA2aDp+dSJ/70eO5K/XAY3Izzrvnx/SU="},"chainType":1,"messageKeys":{}}},"pendingPreKey":{"signedKeyId":5,"baseKey":"BbhEmCFQNC0wJdCtlotIvbli+uLAkG9kU8hMX3Ng0mQY","preKeyId":342537}}},"version":"v1"}