{"_sessions":{"BfrT0WNdKGorOhnyHng5gfkFHiI507RZgQ7bo5d4Lopd":{"registrationId":550881007,"currentRatchet":{"ephemeralKeyPair":{"pubKey":"BaieK/gJb06hItsnT0b6BQXsgWv8XqHMankBfWJSBRwV","privKey":"iDU9BGUi30LcBNRqZLusRjbZzz3ygBz9r/ph0KG67nM="},"lastRemoteEphemeralKey":"Be/OdymKtlcjxZAMFpuqERuXgq2DokzQOhTuj2VsNXla","previousCounter":0,"rootKey":"8uT7bTenH+xQAEc4XC6/vUBuD6D+GBbLKOqbjCwRdfg="},"indexInfo":{"baseKey":"BfrT0WNdKGorOhnyHng5gfkFHiI507RZgQ7bo5d4Lopd","baseKeyType":1,"closed":-1,"used":1713593668507,"created":1713593668507,"remoteIdentityKey":"BeR2HX3ZeT2rtcPd9VTkteBPON/nd36BBku8EN0u31k4"},"_chains":{"BaieK/gJb06hItsnT0b6BQXsgWv8XqHMankBfWJSBRwV":{"chainKey":{"counter":0,"key":"VDvGSAwkK/RzarNiuZbuLzjQxxkBDSkhaBWyNoqoO+M="},"chainType":1,"messageKeys":{}}},"pendingPreKey":{"signedKeyId":1,"baseKey":"BfrT0WNdKGorOhnyHng5gfkFHiI507RZgQ7bo5d4Lopd","preKeyId":1035226}}},"version":"v1"}