{"_sessions":{"Ba7HfBJ5pRJwaqMdyVsFBs4VfRX8xEmYCY7i2MVz2qoA":{"registrationId":1054629509,"currentRatchet":{"ephemeralKeyPair":{"pubKey":"BQJyJywWYsH4TwZoL/2RVXJtnHsu9yJnFntQG2XrS8oi","privKey":"6Pb//njWoOLComEYiRd/ZO2KllQtSocbi5o93TFJ0Xs="},"lastRemoteEphemeralKey":"BaQyaOqsqNYMk61pzz77j9zmzMw+Yn9Rp/zYlRBK4Q9y","previousCounter":0,"rootKey":"ENE4yM0CHD375B1wcha4zpe4Q7MZZ7Wu6EjTEhU37Dk="},"indexInfo":{"baseKey":"Ba7HfBJ5pRJwaqMdyVsFBs4VfRX8xEmYCY7i2MVz2qoA","baseKeyType":1,"closed":-1,"used":1713593668404,"created":1713593668404,"remoteIdentityKey":"BbW6s7kY+nEEcixCevbTNdcvL2cys/kFmYEMZlXrv/Z0"},"_chains":{"BQJyJywWYsH4TwZoL/2RVXJtnHsu9yJnFntQG2XrS8oi":{"chainKey":{"counter":0,"key":"9j5RjFAJWXGxdcPprETW4D7tIKn3MmM/8Ghn21VzZBM="},"chainType":1,"messageKeys":{}}},"pendingPreKey":{"signedKeyId":12,"baseKey":"Ba7HfBJ5pRJwaqMdyVsFBs4VfRX8xEmYCY7i2MVz2qoA","preKeyId":4476046}}},"version":"v1"}