{"_sessions":{"BeFBfLmfmtqW2Nidg/00aT2Fwmdg0R6TSzGqpfFAyllJ":{"registrationId":10854,"currentRatchet":{"ephemeralKeyPair":{"pubKey":"BaEjgAulHqSoeIVM+9evzO3lTor1gkOeO+i7WhWYOdoJ","privKey":"mDeo8zUEauE4X6lNeqX2Je7bHhaVSqaDaJLd0vmvHW8="},"lastRemoteEphemeralKey":"BUw1zZEA9/GnK1LvfCbwfVrwEWOg7Gzv6Npsjj0JRM4f","previousCounter":0,"rootKey":"G9N8wPv+Wv6QSAMghuccLf17giHiy2at81fHgrSIjiU="},"indexInfo":{"baseKey":"BeFBfLmfmtqW2Nidg/00aT2Fwmdg0R6TSzGqpfFAyllJ","baseKeyType":1,"closed":-1,"used":1713593668381,"created":1713593668381,"remoteIdentityKey":"BUThHNlJp+zHTaNPDJHEO3jRkPZaKhmX0kRj1vYXE4kq"},"_chains":{"BaEjgAulHqSoeIVM+9evzO3lTor1gkOeO+i7WhWYOdoJ":{"chainKey":{"counter":0,"key":"cvxoY9BVKpBtsUMDSnCkWKK8XM2mX3xelB2rTqfJ9f8="},"chainType":1,"messageKeys":{}}},"pendingPreKey":{"signedKeyId":2,"baseKey":"BeFBfLmfmtqW2Nidg/00aT2Fwmdg0R6TSzGqpfFAyllJ","preKeyId":2739}}},"version":"v1"}