{"_sessions":{"Bf2NVYYRhJdPk8uYB4uW145/hPI1v7yj1qjMrpZ2G+IY":{"registrationId":1765380646,"currentRatchet":{"ephemeralKeyPair":{"pubKey":"BXzWoATmLX3RBwEnM5bmsz/KMg2SPC7B/CAuRgK4LiYp","privKey":"yL3nQSdsx1btaGC4+BupwV1DsFyqRwtJYxizUiFGg0c="},"lastRemoteEphemeralKey":"BRGzPohm4Uxjs0wxYHKBR8Rx20LWK/g9E4VadYWNK3tZ","previousCounter":0,"rootKey":"olbtB4mQ+e3umHHyiGQ1pI5IcJc1V6EQZIK+QJR9PvA="},"indexInfo":{"baseKey":"Bf2NVYYRhJdPk8uYB4uW145/hPI1v7yj1qjMrpZ2G+IY","baseKeyType":1,"closed":-1,"used":1713593668383,"created":1713593668383,"remoteIdentityKey":"BYqiwvVYBbp1Cyatu2SFYxSiAkxu2RWxZlHc7mT7/Wxd"},"_chains":{"BXzWoATmLX3RBwEnM5bmsz/KMg2SPC7B/CAuRgK4LiYp":{"chainKey":{"counter":0,"key":"LTjIM9rCNhaWFdFWamx2ArPkHAe2WcJo/D9naHWB3Tc="},"chainType":1,"messageKeys":{}}},"pendingPreKey":{"signedKeyId":2,"baseKey":"Bf2NVYYRhJdPk8uYB4uW145/hPI1v7yj1qjMrpZ2G+IY","preKeyId":12351809}}},"version":"v1"}