{"_sessions":{"BWkjw1vDhUNe/f8zSVqmtHoiAF8hpONjDvwzAhff+6FN":{"registrationId":870145891,"currentRatchet":{"ephemeralKeyPair":{"pubKey":"BQUb2T0rgjdTbEnB7ulonf2c3fxg3DCMGtmmBJklk0wF","privKey":"WA/dVFqj+SlPvCyfYzXQzfuz4ZNTLPPZDDnDT42zHGA="},"lastRemoteEphemeralKey":"BbejoZuJIfi2vzNj9ZT6rvq8n6itOSeKdyyYSV1J7fAw","previousCounter":0,"rootKey":"bmH4VPH8MesmPnQbrVc3jfki9NVTBWcPXn2C3kt2FKU="},"indexInfo":{"baseKey":"BWkjw1vDhUNe/f8zSVqmtHoiAF8hpONjDvwzAhff+6FN","baseKeyType":1,"closed":-1,"used":1713593668369,"created":1713593668369,"remoteIdentityKey":"BTl7sYzgYk8DCLV55VXT87Ejr5T/fIs1EygFg06itd0L"},"_chains":{"BQUb2T0rgjdTbEnB7ulonf2c3fxg3DCMGtmmBJklk0wF":{"chainKey":{"counter":0,"key":"1nmY5iDsLnE/LVbhvtlJi6gnQJNCOUe65l/iqD87ekc="},"chainType":1,"messageKeys":{}}},"pendingPreKey":{"signedKeyId":3,"baseKey":"BWkjw1vDhUNe/f8zSVqmtHoiAF8hpONjDvwzAhff+6FN","preKeyId":9201561}}},"version":"v1"}