{"_sessions":{"BZX/aRYdEypPcmE9A4OsvSJ8/Vn4YxGXlzVWYaDPnaFA":{"registrationId":1323117472,"currentRatchet":{"ephemeralKeyPair":{"pubKey":"Bcamj4P+s9FFZfEI2cZ/7JZdo229/VaEbGce+U2c5wFA","privKey":"4DkLnemGtLzPAgByN+R7AnJUQwTXrUB3FYzJrKWxD1s="},"lastRemoteEphemeralKey":"Bc8oeL9N/mg2rymca8X32H/wxw+OoktPOhrzlJ1FgmI1","previousCounter":0,"rootKey":"w2eeePedehth20+X2QmM0RYFUKxPg6uS9mESF6TN1rg="},"indexInfo":{"baseKey":"BZX/aRYdEypPcmE9A4OsvSJ8/Vn4YxGXlzVWYaDPnaFA","baseKeyType":1,"closed":-1,"used":1713593668496,"created":1713593668496,"remoteIdentityKey":"BZ8k2HvAirN1aJ5F8RSL6o7j1o+ZcU3sv40rLEaRzEtf"},"_chains":{"Bcamj4P+s9FFZfEI2cZ/7JZdo229/VaEbGce+U2c5wFA":{"chainKey":{"counter":0,"key":"jokWqV2nGvk3kG8ZfKSFZDUeH8kGWla8iYT9sh/IHoI="},"chainType":1,"messageKeys":{}}},"pendingPreKey":{"signedKeyId":6,"baseKey":"BZX/aRYdEypPcmE9A4OsvSJ8/Vn4YxGXlzVWYaDPnaFA","preKeyId":13543998}}},"version":"v1"}