{"_sessions":{"BQs6/kM6caPkzZCfg1Gg91zUyPTi5VwIsF/QBUFSBCJl":{"registrationId":671680043,"currentRatchet":{"ephemeralKeyPair":{"pubKey":"BYYohKL1QEEHYGVDtqY7xJ4VcYpIQbNHk/YAZ4h5i7MU","privKey":"aMWJJ3tydetPe2kMdV9KzxTmNuW+pA+fjXraqWqkK0s="},"lastRemoteEphemeralKey":"BcelrEQKG+25RIaGnRqzJn1RNof8GLBju3UMQE7YMqd5","previousCounter":0,"rootKey":"LVBODG7IKQL0Zb8w88y7RkzRbMOs1vj0jV/7SHYcl5w="},"indexInfo":{"baseKey":"BQs6/kM6caPkzZCfg1Gg91zUyPTi5VwIsF/QBUFSBCJl","baseKeyType":1,"closed":-1,"used":1713593668415,"created":1713593668415,"remoteIdentityKey":"BRCpkeW90ClwRlWf2ihNG0iv2jGwyaWB3e9xAgVU1m4z"},"_chains":{"BYYohKL1QEEHYGVDtqY7xJ4VcYpIQbNHk/YAZ4h5i7MU":{"chainKey":{"counter":0,"key":"0anbKN9H9pgMsmmUKZJWTl6AIEDo4WMrwvZh++orKIQ="},"chainType":1,"messageKeys":{}}},"pendingPreKey":{"signedKeyId":4,"baseKey":"BQs6/kM6caPkzZCfg1Gg91zUyPTi5VwIsF/QBUFSBCJl","preKeyId":5342378}}},"version":"v1"}