{"_sessions":{"Bf6oMYGRLuKTTw583kgJnnbkOibSmXcoKo1v1+e9bCt4":{"registrationId":827116471,"currentRatchet":{"ephemeralKeyPair":{"pubKey":"BSUhDcgNYdn+LPup5ImhW5ie5bsZvcYNN+onl9NTTwg/","privKey":"IIciD55bI2bZYCpWlX0f52AF+oRD2qZ7CNPLXhVX/WY="},"lastRemoteEphemeralKey":"Ba46IEhDXnQrezXT7R/GzF6CyVRV6l+v2syTSDjEmlAt","previousCounter":0,"rootKey":"uNydsdq8GqF0LFLPN49s+RV3nb3JPuUiPf5F8m2BJ6I="},"indexInfo":{"baseKey":"Bf6oMYGRLuKTTw583kgJnnbkOibSmXcoKo1v1+e9bCt4","baseKeyType":2,"closed":1713593660109,"used":1713593659149,"created":1713593659149,"remoteIdentityKey":"BaTCrSvAha2iwCGgEsR1AF+IsB7IhaW040fpoh9gxYAM"},"_chains":{"Ba46IEhDXnQrezXT7R/GzF6CyVRV6l+v2syTSDjEmlAt":{"chainKey":{"counter":0,"key":"R7BbCZl52nh18hNtE5LRymwLtyc4jqOPwagshRe2IUA="},"chainType":2,"messageKeys":{}},"BSUhDcgNYdn+LPup5ImhW5ie5bsZvcYNN+onl9NTTwg/":{"chainKey":{"counter":-1,"key":"JZ3X6dep92mUP3/Cu1JlHZyOxl5kbPC0uN8TdCYwFBA="},"chainType":1,"messageKeys":{}}}},"Bdv6avNcmtbJJGfeLXMCeR/MB2T3BXmGGcCQrDppimtJ":{"registrationId":827116471,"currentRatchet":{"ephemeralKeyPair":{"pubKey":"BScgFW9LwrdsJ5q3dSVExoHh08d3XmpAsHvSxNITAjAs","privKey":"aKO7uakw8DRxwco5At0hOjRmot4jWqxJRww57uJwNk4="},"lastRemoteEphemeralKey":"BQIWLeoj0L1wUSAFDM2OEqCoglsBKdlvQOGpxtRU45kC","previousCounter":0,"rootKey":"GOW/cYUpLeZ9zwAJJm1wrn0KW8qKzj7NWQmFEz5xbMA="},"indexInfo":{"baseKey":"Bdv6avNcmtbJJGfeLXMCeR/MB2T3BXmGGcCQrDppimtJ","baseKeyType":2,"closed":-1,"used":1713593693529,"created":1713593660113,"remoteIdentityKey":"BaTCrSvAha2iwCGgEsR1AF+IsB7IhaW040fpoh9gxYAM"},"_chains":{"Bcqh5B4HQX0bhoD5OXfSjqWpmlMczKwkjUHrwMeeQAZq":{"chainKey":{"counter":0},"chainType":2,"messageKeys":{}},"BQIWLeoj0L1wUSAFDM2OEqCoglsBKdlvQOGpxtRU45kC":{"chainKey":{"counter":0,"key":"55P43iYjRe59REXWMvy82M+HYot/p5H9YgOBeKX4ZMY="},"chainType":2,"messageKeys":{}},"BScgFW9LwrdsJ5q3dSVExoHh08d3XmpAsHvSxNITAjAs":{"chainKey":{"counter":-1,"key":"GArP4ib25bEJvaO3GFpIaRm+dTIcHP27IIqrUOqQ8KA="},"chainType":1,"messageKeys":{}}}}},"version":"v1"}