{"_sessions":{"Bc6QH4NBKjhipOzQwFsGWh42wdNTQXgZ3aXVBkWyZSF/":{"registrationId":823515194,"currentRatchet":{"ephemeralKeyPair":{"pubKey":"BX+38UQOG8dIEfAHhtMYpSiNt6nnx6SYgWU2aRo0MOpN","privKey":"eFQAIV51UyL7j0LRxIMOM7nHkazjVhSn0SStc/Eur2c="},"lastRemoteEphemeralKey":"BUQxrRSRS+eqMaKWXV+iXRUp9mkxS/vRKViLJufsp6UH","previousCounter":0,"rootKey":"fkqMTcTz9WIaIwNCEODPYVEkRwkbaZyZ27J1AQfxTPg="},"indexInfo":{"baseKey":"Bc6QH4NBKjhipOzQwFsGWh42wdNTQXgZ3aXVBkWyZSF/","baseKeyType":1,"closed":-1,"used":1713593668533,"created":1713593668533,"remoteIdentityKey":"BZBanHulM9LdENzk3vnjGqWJWqX+l6Jr3oqBZiZQrZwC"},"_chains":{"BX+38UQOG8dIEfAHhtMYpSiNt6nnx6SYgWU2aRo0MOpN":{"chainKey":{"counter":0,"key":"ZURCFqRkHqZkt4c4GtYEvJpxTIDs7i5ho+1tMVX1FdA="},"chainType":1,"messageKeys":{}}},"pendingPreKey":{"signedKeyId":5,"baseKey":"Bc6QH4NBKjhipOzQwFsGWh42wdNTQXgZ3aXVBkWyZSF/","preKeyId":6319875}}},"version":"v1"}