{"_sessions":{"BZTAUbqn5Oo4IilmUkNe7fX4JqMAqkVEYEnysLj1U5YE":{"registrationId":1719535931,"currentRatchet":{"ephemeralKeyPair":{"pubKey":"BQJJvHUzD7U6TUUgg/LiB3UuPsPjhY/legAcf7sg3fU2","privKey":"uA3cHFQlBd19PEozsSEyYenAnaMdDCfI24bwr6ksKEY="},"lastRemoteEphemeralKey":"BYc6HGKAeFnTgzmpBSVezXNNzL+EQj/BLgmhD5XTo1pS","previousCounter":0,"rootKey":"+VVz/ta8mOZ/rJ4e/oZyvUtI4b+xogf1e+RWpfiCaLw="},"indexInfo":{"baseKey":"BZTAUbqn5Oo4IilmUkNe7fX4JqMAqkVEYEnysLj1U5YE","baseKeyType":1,"closed":-1,"used":1713593668538,"created":1713593668538,"remoteIdentityKey":"BYDCkWKJizSIhDHaPRSQHpEErePmngtWHodiG4STlN0z"},"_chains":{"BQJJvHUzD7U6TUUgg/LiB3UuPsPjhY/legAcf7sg3fU2":{"chainKey":{"counter":0,"key":"T1ei3XJbSiJNP5PRb8VJnJS6lyXz4EAYatrR7oRfhQg="},"chainType":1,"messageKeys":{}}},"pendingPreKey":{"signedKeyId":20,"baseKey":"BZTAUbqn5Oo4IilmUkNe7fX4JqMAqkVEYEnysLj1U5YE","preKeyId":2370876}}},"version":"v1"}