{"_sessions":{"Bfpvw1Sront3diK4DBP/MQWm5OxlOEAvBQvRsfPYbHw5":{"registrationId":14675,"currentRatchet":{"ephemeralKeyPair":{"pubKey":"BXEIVyfGFH0Wduy/gBuNqQLiqMyeYtuDTV5TQXM3wcEj","privKey":"KAob7LtADZ/V8yps9dsK1D6mXNPfjkGyqiEyQlfGFl8="},"lastRemoteEphemeralKey":"BQ0Wgnp6PqWnuranH9lwdI56upx1CKtRCmDHZ47Qd8pf","previousCounter":0,"rootKey":"vAejmqwz4NDKn7nYSxldKJ/4gETid72J+t/kkNZYSbw="},"indexInfo":{"baseKey":"Bfpvw1Sront3diK4DBP/MQWm5OxlOEAvBQvRsfPYbHw5","baseKeyType":1,"closed":-1,"used":1713593668375,"created":1713593668375,"remoteIdentityKey":"BVi5oY2P74/4KzgPRkCHSJC6wW2awF7/iTz2tziKSTdp"},"_chains":{"BXEIVyfGFH0Wduy/gBuNqQLiqMyeYtuDTV5TQXM3wcEj":{"chainKey":{"counter":0,"key":"HbEJQwvlf/G1kSD3EMS1JrKJbEcAmj7Ek16WRYLsKcY="},"chainType":1,"messageKeys":{}}},"pendingPreKey":{"signedKeyId":1,"baseKey":"Bfpvw1Sront3diK4DBP/MQWm5OxlOEAvBQvRsfPYbHw5","preKeyId":379}}},"version":"v1"}