{"_sessions":{"Bcr1u/nlirnAd+3O+4gfNon2YXOC29tsR3R/AL7sYAVe":{"registrationId":196837750,"currentRatchet":{"ephemeralKeyPair":{"pubKey":"BccU2QBx0b21eq9EttBXWxdGdgtdVJ2HlrPyeyYAvO5q","privKey":"gET7uksKfLsrbgtY38S3zvcNBK+PuzJoVZSWvqzw92w="},"lastRemoteEphemeralKey":"BYhz5Op3xmvZxgEc02kQFohyqUTdTH5hbfpC98VlafE6","previousCounter":0,"rootKey":"yamjliuD3zbsi6e09WXEjZ8kPIJYS2rEESd4NThmY90="},"indexInfo":{"baseKey":"Bcr1u/nlirnAd+3O+4gfNon2YXOC29tsR3R/AL7sYAVe","baseKeyType":1,"closed":-1,"used":1713593668521,"created":1713593668521,"remoteIdentityKey":"Ba00Y5IkSAux3xCY508MLcyP86SM8WJ1qw7u1HNGyD0g"},"_chains":{"BccU2QBx0b21eq9EttBXWxdGdgtdVJ2HlrPyeyYAvO5q":{"chainKey":{"counter":0,"key":"Ne7klnGtKBML3Cvff2PlOyK4ib180ZqFMU2L6RnByb0="},"chainType":1,"messageKeys":{}}},"pendingPreKey":{"signedKeyId":1,"baseKey":"Bcr1u/nlirnAd+3O+4gfNon2YXOC29tsR3R/AL7sYAVe","preKeyId":1141245}}},"version":"v1"}