{"_sessions":{"BTShJMQTpp6ZU4vjA/xAoHBpf3MGAYWI00RDX/YG/ttx":{"registrationId":752621473,"currentRatchet":{"ephemeralKeyPair":{"pubKey":"BSZCt7xuhxGdu9o4nzf984TCLTc+OXBSQHbXrFArqm0X","privKey":"SKTAKqoSaJ7/o/CDSN0qgy+soUH6GaP7/wV6S25JVWo="},"lastRemoteEphemeralKey":"BTDjiX107W8TgB4nRatJS6QmeQtF9Zxgk8Wn4mKtt9Q9","previousCounter":0,"rootKey":"fBUOW+o/b90g/aT6HQzKzaOoSRekJDeVfI6MmYJoXYs="},"indexInfo":{"baseKey":"BTShJMQTpp6ZU4vjA/xAoHBpf3MGAYWI00RDX/YG/ttx","baseKeyType":1,"closed":-1,"used":1713593668503,"created":1713593668503,"remoteIdentityKey":"BW99mU5YYql5rurfLKRC1xZPTRiPpX9jxmW1pIU6tkd4"},"_chains":{"BSZCt7xuhxGdu9o4nzf984TCLTc+OXBSQHbXrFArqm0X":{"chainKey":{"counter":0,"key":"VbDYnkIKR0K8K2BgZQtfvLiKEkyr+gamlzZtYnhJ608="},"chainType":1,"messageKeys":{}}},"pendingPreKey":{"signedKeyId":0,"baseKey":"BTShJMQTpp6ZU4vjA/xAoHBpf3MGAYWI00RDX/YG/ttx","preKeyId":7113550}}},"version":"v1"}