{"_sessions":{"BSZybbtTAFOH591uwPvXZ3RDSCiLBaRiq8/QzloMuAhF":{"registrationId":137447937,"currentRatchet":{"ephemeralKeyPair":{"pubKey":"BR16KQqyUNq+sqDbQ45i4oJNrqwscyf5gg7KQc0TdY9n","privKey":"MLDO4BRW2zGZMGCAO2EtjDMTPTtce8Ia6H1tvnrkrWk="},"lastRemoteEphemeralKey":"BVz4LMFq17Cm7W2huZjp9wARMscgLlZr/o0twoWwdZtF","previousCounter":0,"rootKey":"DLCdaiH3GvnCWFa22Wrg6HHknhYikz3kWksxO9EnKEg="},"indexInfo":{"baseKey":"BSZybbtTAFOH591uwPvXZ3RDSCiLBaRiq8/QzloMuAhF","baseKeyType":1,"closed":-1,"used":1713593668395,"created":1713593668395,"remoteIdentityKey":"BUhNR3uPRU/vHNIAoCw1zqBDuQN5UNidr/EGNou4iTIe"},"_chains":{"BR16KQqyUNq+sqDbQ45i4oJNrqwscyf5gg7KQc0TdY9n":{"chainKey":{"counter":0,"key":"0/E4568/U6hkjgIPK7vWj8FzgG4/tFf3K8j0xNxPViQ="},"chainType":1,"messageKeys":{}}},"pendingPreKey":{"signedKeyId":2,"baseKey":"BSZybbtTAFOH591uwPvXZ3RDSCiLBaRiq8/QzloMuAhF","preKeyId":484292}}},"version":"v1"}