{"_sessions":{"BcG6LzQsvhcTfmLFCIIYsjlEoUNz2pO4jkwihr1yTV0N":{"registrationId":513771325,"currentRatchet":{"ephemeralKeyPair":{"pubKey":"BQLOt+DPMmYY9kbN4XVFhacEIEuBQ7Cl8Vg453tKB754","privKey":"sCNf+0vlaKTUerhPQxfeknWd2pZTK9/2Cg21V8DHhXs="},"lastRemoteEphemeralKey":"BYqoCPA6qexD9rIfh/7SZOUnJ3jcwy1a0zZAII914IUa","previousCounter":0,"rootKey":"QslS5+7X5Rudl909DfH7qW/hpneIqhPbXX4O7JWQcD8="},"indexInfo":{"baseKey":"BcG6LzQsvhcTfmLFCIIYsjlEoUNz2pO4jkwihr1yTV0N","baseKeyType":1,"closed":-1,"used":1713593668443,"created":1713593668443,"remoteIdentityKey":"BbXrZnblkppw2U8VL2QgodGP8UsMPAvgu/UhvJ3ZuPhK"},"_chains":{"BQLOt+DPMmYY9kbN4XVFhacEIEuBQ7Cl8Vg453tKB754":{"chainKey":{"counter":0,"key":"jXbjgJV7r0S+p3y5JLsF8Bw/z0drOo3g7BKhyzAlJFk="},"chainType":1,"messageKeys":{}}},"pendingPreKey":{"signedKeyId":6,"baseKey":"BcG6LzQsvhcTfmLFCIIYsjlEoUNz2pO4jkwihr1yTV0N","preKeyId":9266521}}},"version":"v1"}