{"_sessions":{"BewHRIYOOBoeTg4UeVCDLa2ycwkzMRd6zvGf0k9dFOUx":{"registrationId":829231061,"currentRatchet":{"ephemeralKeyPair":{"pubKey":"BY5X6nNH7ZOI+BJUYyEDS4zBn1t0FrI9rnMFDaOs4lIt","privKey":"QIA6WGUnhq0LF1Kp/loVfdfBCt9SKbXO/5oPG5uG+1I="},"lastRemoteEphemeralKey":"BfLwB74vEm1NhwzQQyCsGOPf1KVRx2I145yblsrwgOgz","previousCounter":0,"rootKey":"h53wLFcw15N9HJMvQnUWsVun/31BL6djr/n3wnZUrJQ="},"indexInfo":{"baseKey":"BewHRIYOOBoeTg4UeVCDLa2ycwkzMRd6zvGf0k9dFOUx","baseKeyType":1,"closed":-1,"used":1713593668531,"created":1713593668531,"remoteIdentityKey":"BfaxpAE4JSloBsQVYP8lGraZvDdO44YDqfB+7G9euDp8"},"_chains":{"BY5X6nNH7ZOI+BJUYyEDS4zBn1t0FrI9rnMFDaOs4lIt":{"chainKey":{"counter":0,"key":"sKzHxWzceKEfGzMJZ03aEOLHRmkthb/f8CAw7UW6eV8="},"chainType":1,"messageKeys":{}}},"pendingPreKey":{"signedKeyId":1,"baseKey":"BewHRIYOOBoeTg4UeVCDLa2ycwkzMRd6zvGf0k9dFOUx"}}},"version":"v1"}