{"_sessions":{"BfOtKcUYe4euqv0CjvslEtUs1WhYwe+8PHfBspAGQ91d":{"registrationId":934435415,"currentRatchet":{"ephemeralKeyPair":{"pubKey":"BcGYwocqGI790Bk3YqHYET3KvndWfHfvWO5KHOIMczdK","privKey":"4BQWQI9ST6XVhBgudE+s1t+qKqWG3ukxODCFPDz/NkU="},"lastRemoteEphemeralKey":"BVXTtmMmzMA+Z3EnVUEtoR7froilQSd7P0trYXbVGKYI","previousCounter":0,"rootKey":"Fc4qi50nx5EprcmjmVTNJdW6qOMB3Q8TUw0v8QkXQ1Q="},"indexInfo":{"baseKey":"BfOtKcUYe4euqv0CjvslEtUs1WhYwe+8PHfBspAGQ91d","baseKeyType":1,"closed":-1,"used":1713593668523,"created":1713593668523,"remoteIdentityKey":"BZzX2mRY4Htrxal1LJolfWBgkUBK/UkmrNRz+u0lhth5"},"_chains":{"BcGYwocqGI790Bk3YqHYET3KvndWfHfvWO5KHOIMczdK":{"chainKey":{"counter":0,"key":"enuuybLuctyRHwoI93q02s8TsRo2o8oGjMgiKJedYNE="},"chainType":1,"messageKeys":{}}},"pendingPreKey":{"signedKeyId":2,"baseKey":"BfOtKcUYe4euqv0CjvslEtUs1WhYwe+8PHfBspAGQ91d","preKeyId":12905066}}},"version":"v1"}