{"_sessions":{"BVTsZztk+mVIFd9A6rKYsyRN6n40naG5N6xM0TxX1psE":{"registrationId":401304122,"currentRatchet":{"ephemeralKeyPair":{"pubKey":"BanLHZZoYazRmjhg90iPGZtzXy/VAIGVf/xTUw2wcR0q","privKey":"mCIGV1G6Hn6ZRmGc578CbLw5h0mPMvAKtnZmTmzNp3c="},"lastRemoteEphemeralKey":"BVXPpERix8iEvWcQXd9wt6Yz4CDIwS33P5eNI1TDoHJH","previousCounter":0,"rootKey":"VHneq+orv6Ws0CIwyaMb0aboEPXug7GlFtQkeFPNG8Q="},"indexInfo":{"baseKey":"BVTsZztk+mVIFd9A6rKYsyRN6n40naG5N6xM0TxX1psE","baseKeyType":1,"closed":-1,"used":1713593668441,"created":1713593668441,"remoteIdentityKey":"BYx8Bu5PjuxaE+4ICfc3+ln9wZq+Wu+KAhi/iQ9fNoNs"},"_chains":{"BanLHZZoYazRmjhg90iPGZtzXy/VAIGVf/xTUw2wcR0q":{"chainKey":{"counter":0,"key":"No4H/WU1jGAVriyE1xAeNfpe1ddT1UOj/gN4HegJ8Wc="},"chainType":1,"messageKeys":{}}},"pendingPreKey":{"signedKeyId":5,"baseKey":"BVTsZztk+mVIFd9A6rKYsyRN6n40naG5N6xM0TxX1psE","preKeyId":9997812}}},"version":"v1"}