{"_sessions":{"BZSl+IVqGbux8VFqXkS83cuLLEXaGGMtYG5Fl2BBZQBo":{"registrationId":2306,"currentRatchet":{"ephemeralKeyPair":{"pubKey":"BUcRZbmTTBjyatUlwVddYldBlLzgCG+XGOEAf5hXhBV1","privKey":"gBFah5udboA+vw+ekJwn0Xlz8v8aknS6tEdO0IpZWX4="},"lastRemoteEphemeralKey":"BdEiAA2qQkJiwT15ht8ocdxr/QFZqRYd1DOxsaaxjkp0","previousCounter":0,"rootKey":"DamU/vuB49aJ8I8Jn6aE0lLYhl+zu4xGpRlMjIwhnZU="},"indexInfo":{"baseKey":"BZSl+IVqGbux8VFqXkS83cuLLEXaGGMtYG5Fl2BBZQBo","baseKeyType":1,"closed":-1,"used":1713593668379,"created":1713593668379,"remoteIdentityKey":"BQ9uZYhsHZaAUoUueB2oUARA4PIkxwx5BX+rt9uKaNVn"},"_chains":{"BUcRZbmTTBjyatUlwVddYldBlLzgCG+XGOEAf5hXhBV1":{"chainKey":{"counter":0,"key":"lizoOEWEt+Ov8qM5FTS+u+kajlCtjFB+zUgIxhY5dZc="},"chainType":1,"messageKeys":{}}},"pendingPreKey":{"signedKeyId":1,"baseKey":"BZSl+IVqGbux8VFqXkS83cuLLEXaGGMtYG5Fl2BBZQBo","preKeyId":242}}},"version":"v1"}