{"_sessions":{"BesoHjM1UM1U2C696mlESn43bd0OKaGftUDBOvjeeLUV":{"registrationId":1571465637,"currentRatchet":{"ephemeralKeyPair":{"pubKey":"BcB4br/8D00eSCBnX28fH27QnopLn97zT5G3sirPlDMM","privKey":"aARo8VizJ331yWALt7pIzaM2Wu6souGdqLRCCFcE+Uc="},"lastRemoteEphemeralKey":"BUk5VMHR17rjTEqTFGNW9apsNzbWGJg6YJXVZYUQUZoT","previousCounter":0,"rootKey":"6h2OpydPpm0TlpvfwB84TjIuHOXs2dTpzkOJYkJnFUU="},"indexInfo":{"baseKey":"BesoHjM1UM1U2C696mlESn43bd0OKaGftUDBOvjeeLUV","baseKeyType":1,"closed":-1,"used":1713593668448,"created":1713593668448,"remoteIdentityKey":"BfxzZ1aCAOKA2mrfP/SdHF8b0hka8Qruh98f/5pudJBj"},"_chains":{"BcB4br/8D00eSCBnX28fH27QnopLn97zT5G3sirPlDMM":{"chainKey":{"counter":0,"key":"LPNLpgzevdVsOP0DigJmPXTdsR54e4WmrBrq2YgXuVU="},"chainType":1,"messageKeys":{}}},"pendingPreKey":{"signedKeyId":1,"baseKey":"BesoHjM1UM1U2C696mlESn43bd0OKaGftUDBOvjeeLUV","preKeyId":6888025}}},"version":"v1"}