{"_sessions":{"BStP+axqHb2aX06UN7vms08EFir59SGfikLqdE0PviFP":{"registrationId":702643430,"currentRatchet":{"ephemeralKeyPair":{"pubKey":"BTDhivw6XvfpJJxm8xU9Z+rqpsHwgaUGq/WqVS/CNs4z","privKey":"MEBc6nxTxeY8YUQeegbhfre/GdoQ3WI7EhDAAear9l4="},"lastRemoteEphemeralKey":"BRPuja7e2r1Hfl9jL0rNQ3Sjc+4aWWR5yxpigBMJnjwl","previousCounter":0,"rootKey":"TZrytS5WOT4gcfoS9rZAwYbux585ZMW0Pp90B11RaNo="},"indexInfo":{"baseKey":"BStP+axqHb2aX06UN7vms08EFir59SGfikLqdE0PviFP","baseKeyType":1,"closed":-1,"used":1713593668454,"created":1713593668454,"remoteIdentityKey":"Bdn/RtaTPnbGc4zkTFDo05303conyCk6Et11/wEAQlA6"},"_chains":{"BTDhivw6XvfpJJxm8xU9Z+rqpsHwgaUGq/WqVS/CNs4z":{"chainKey":{"counter":0,"key":"FkVkOBCSQsNLPL/A87/KpE+prcSYCIs31yBqtWWcJd0="},"chainType":1,"messageKeys":{}}},"pendingPreKey":{"signedKeyId":31,"baseKey":"BStP+axqHb2aX06UN7vms08EFir59SGfikLqdE0PviFP","preKeyId":13842651}}},"version":"v1"}