{"_sessions":{"BbBUO21a9Ggr0lw1N2E7VzqPrFhCxJvkTZaGjZqHIrxx":{"registrationId":1462102402,"currentRatchet":{"ephemeralKeyPair":{"pubKey":"BYIP70pXgKm7WHCgoncEHv737vVgMGv8BAkORh6QFJZ4","privKey":"MF85RvH0pBKIk2q6t+r4cUvWslX9IDGULvkBLF+Yk3c="},"lastRemoteEphemeralKey":"BRPCSZ6OLfE5r7qo4Mt3bcdaht+SFUkedjhOlxBcTcdc","previousCounter":0,"rootKey":"JRpsGWGs8xgzcCnJGYQ92dpwyzIbGwAY6gXLfjQQf2w="},"indexInfo":{"baseKey":"BbBUO21a9Ggr0lw1N2E7VzqPrFhCxJvkTZaGjZqHIrxx","baseKeyType":1,"closed":-1,"used":1713593758795,"created":1713593668508,"remoteIdentityKey":"BV5LdsFW3VXtbPq8ekVBmkwC5rWpwT/LpvDMLWENZPFV"},"_chains":{"BRPCSZ6OLfE5r7qo4Mt3bcdaht+SFUkedjhOlxBcTcdc":{"chainKey":{"counter":0,"key":"EAO6wIlyq8yoRgIlf0Ehwm+e5Wu//BuC6NR+HDCJxIg="},"chainType":2,"messageKeys":{}},"BYIP70pXgKm7WHCgoncEHv737vVgMGv8BAkORh6QFJZ4":{"chainKey":{"counter":-1,"key":"A1LoMJbHresK4Kwr7q7CyzQyB+7TxY/A1G7Pvho8vRg="},"chainType":1,"messageKeys":{}}}}},"version":"v1"}