{"_sessions":{"Bb3GSlVgEMxc7OWyiBY0uXnkLnep2zA6naDkEVICoq9q":{"registrationId":1179563713,"currentRatchet":{"ephemeralKeyPair":{"pubKey":"BR/kVMnF+CzEibiUTvjhzR9/GmoLG47Mozbzj/+gvCYq","privKey":"sADI9L6CKlxBi2JvrfmdxsWCSHgreBoHLus/eRTlS08="},"lastRemoteEphemeralKey":"BQD5TmUsrq0MoPVIEXqd+K3x2vE9PtpqEqhwJT9H7dlP","previousCounter":0,"rootKey":"tCjvNn30XnXMnEUyiZkb91Kb15SlP0lwCq4XOjmgWeM="},"indexInfo":{"baseKey":"Bb3GSlVgEMxc7OWyiBY0uXnkLnep2zA6naDkEVICoq9q","baseKeyType":1,"closed":-1,"used":1713593668439,"created":1713593668439,"remoteIdentityKey":"BRNcVVzm0/8TQuvuFmOJE/P9nzq4Yzn4jdvxImWYqnsf"},"_chains":{"BR/kVMnF+CzEibiUTvjhzR9/GmoLG47Mozbzj/+gvCYq":{"chainKey":{"counter":0,"key":"zmQ+m5Vb/nWKkWP7XBdj3dy6KH9VfNQI1Rq4VnLpEXk="},"chainType":1,"messageKeys":{}}},"pendingPreKey":{"signedKeyId":4,"baseKey":"Bb3GSlVgEMxc7OWyiBY0uXnkLnep2zA6naDkEVICoq9q","preKeyId":7031512}}},"version":"v1"}