{"_sessions":{"BU8JJ59gSKbu32hkvLUHJZl0B15B3JRuzgPk2rjO9ZB/":{"registrationId":209761510,"currentRatchet":{"ephemeralKeyPair":{"pubKey":"BTl3VNG4lGDGY1LYITA05CpXFjZS1YahtWLDnIVCke4P","privKey":"6I43Hb/oJh+S35ssSN4RgG6Q7OAjVyPbRlU9R5ueG2M="},"lastRemoteEphemeralKey":"BeVSWViUia/q1RvraSxX3ZaM25sE8HRkpBF3PlBC4kk9","previousCounter":0,"rootKey":"cVPuS4iIZmHQ7PoXGXO++aaCT0cDBSlZT1KClhU0RTc="},"indexInfo":{"baseKey":"BU8JJ59gSKbu32hkvLUHJZl0B15B3JRuzgPk2rjO9ZB/","baseKeyType":1,"closed":-1,"used":1713593668385,"created":1713593668385,"remoteIdentityKey":"BcRCQqVk4KNALDJ7tUHHMYUOMXmiIZTN4eHtnDIs2YIC"},"_chains":{"BTl3VNG4lGDGY1LYITA05CpXFjZS1YahtWLDnIVCke4P":{"chainKey":{"counter":0,"key":"WJ2/bVciut1Ea5NnzLl5qHBErW8JRPuvj40NTnNI6vM="},"chainType":1,"messageKeys":{}}},"pendingPreKey":{"signedKeyId":10,"baseKey":"BU8JJ59gSKbu32hkvLUHJZl0B15B3JRuzgPk2rjO9ZB/","preKeyId":13890414}}},"version":"v1"}