{"_sessions":{"BX2cdj6e5GR11JposXvQG0GD4m+lxwfewk4xP9jWKVMY":{"registrationId":854395439,"currentRatchet":{"ephemeralKeyPair":{"pubKey":"BVr1t0IIXFpvov//RMgXyXAX5ibuFHQKAbt2RMP2wh19","privKey":"ADYQSrqk6l4kUE6dFQ7xsAryk9MgxL0cH4zKzv7J/Fg="},"lastRemoteEphemeralKey":"BUMp+WY09mHfAM7PSf266tSokQ/Tw6lwLlJQqvzkwopU","previousCounter":0,"rootKey":"ZaawBKYAxadWugx73b7dRarD/oUzfW/TfnYu+6ToAhk="},"indexInfo":{"baseKey":"BX2cdj6e5GR11JposXvQG0GD4m+lxwfewk4xP9jWKVMY","baseKeyType":1,"closed":-1,"used":1713593668491,"created":1713593668491,"remoteIdentityKey":"BdkYWrruvXuEntDp3Xz1pLFuOs6f6RvJ1xc9VNO+NH8n"},"_chains":{"BVr1t0IIXFpvov//RMgXyXAX5ibuFHQKAbt2RMP2wh19":{"chainKey":{"counter":0,"key":"GIgFpRcTAZm9K9FOO/1tJ2TjfD4oEa8quOb/tBCxs2s="},"chainType":1,"messageKeys":{}}},"pendingPreKey":{"signedKeyId":6,"baseKey":"BX2cdj6e5GR11JposXvQG0GD4m+lxwfewk4xP9jWKVMY","preKeyId":3772761}}},"version":"v1"}