{"_sessions":{"BQkWmO5LQK7Tvl9ZB2Y2RleqWm2vEdx4w5iU8nc6YqU4":{"registrationId":2049893456,"currentRatchet":{"ephemeralKeyPair":{"pubKey":"BSjBELsOTfrac8JTtgVamgxLnufP6YwfvxPY8FEqT8o6","privKey":"+Bar7oMF072s/STlORADapx1ewcbV4rnORYW73Vj7X0="},"lastRemoteEphemeralKey":"BabYSuRy9LxlVrBCYJ8QTW25LhIJWqOV4tnn+4s8rdpR","previousCounter":0,"rootKey":"2sZWQxK3keshW4AJXzrnLun7j0ZBEL4DXaUyxnDMbhU="},"indexInfo":{"baseKey":"BQkWmO5LQK7Tvl9ZB2Y2RleqWm2vEdx4w5iU8nc6YqU4","baseKeyType":1,"closed":-1,"used":1713593668397,"created":1713593668397,"remoteIdentityKey":"BT76azbxRUMeKdKoyueNlFnHgZbk+VWlWqZrBCl92X1u"},"_chains":{"BSjBELsOTfrac8JTtgVamgxLnufP6YwfvxPY8FEqT8o6":{"chainKey":{"counter":0,"key":"7ZiHiBQCdYGKOyo1cGyUK5aj5c8IbkBk1hTY1dNNGt0="},"chainType":1,"messageKeys":{}}},"pendingPreKey":{"signedKeyId":12,"baseKey":"BQkWmO5LQK7Tvl9ZB2Y2RleqWm2vEdx4w5iU8nc6YqU4","preKeyId":5401607}}},"version":"v1"}