{"_sessions":{"BW7sWkPBed0c98uzEJuhZ4L20wYOWlJmW3baVnpYlS57":{"registrationId":1384870309,"currentRatchet":{"ephemeralKeyPair":{"pubKey":"BSLD246HCFn9LIB07+0AUoY9NeXOceU+N/soWf/FKu4G","privKey":"iLVw3fhypT6yTxtckCPRaAcHylzC1dtQVPNJ6+AOymM="},"lastRemoteEphemeralKey":"BcQwpchAhb3IjP5haPcrYfHYw/27EVv2CDLpi1TJIwcp","previousCounter":0,"rootKey":"pyTSOqGS5YXWbkKCOpH4/QGamVYTUzsqlM2hbPuQTw0="},"indexInfo":{"baseKey":"BW7sWkPBed0c98uzEJuhZ4L20wYOWlJmW3baVnpYlS57","baseKeyType":1,"closed":-1,"used":1713593668527,"created":1713593668527,"remoteIdentityKey":"BRh3I9NiNwAXqOSuZx+ctDSDsvB97tVWktKWiMHgrsBM"},"_chains":{"BSLD246HCFn9LIB07+0AUoY9NeXOceU+N/soWf/FKu4G":{"chainKey":{"counter":0,"key":"iTh686LIaLiVJnk3kySk1ZK94+egpTZhHVYZxoFp5AQ="},"chainType":1,"messageKeys":{}}},"pendingPreKey":{"signedKeyId":1,"baseKey":"BW7sWkPBed0c98uzEJuhZ4L20wYOWlJmW3baVnpYlS57","preKeyId":15660517}}},"version":"v1"}