{"_sessions":{"BSMXDaCGh1669g5BVllkbPSM8egFX4UvHeQSb265AVcP":{"registrationId":532968006,"currentRatchet":{"ephemeralKeyPair":{"pubKey":"BWwaPiUilDwMWMsudoxFJkzjnaskXZt9/qW5CpWN/MMP","privKey":"wBy1dewZwaRzqgSVOIi3M7Tsrkwlo+T/ieMtIPdIw1M="},"lastRemoteEphemeralKey":"BZQTSzN/let5ybjbhi4Tewb0b5EOUyxVpDKS3FLFC/Yt","previousCounter":0,"rootKey":"IXHHBqZTqLR4Chni26dYJz3SsxEws7ukxnpoozGpxXU="},"indexInfo":{"baseKey":"BSMXDaCGh1669g5BVllkbPSM8egFX4UvHeQSb265AVcP","baseKeyType":1,"closed":-1,"used":1713593668513,"created":1713593668513,"remoteIdentityKey":"BTz2zQfpJUSQP1iOe5ijpHT19pnkRfFNvhMrF6QdEoAK"},"_chains":{"BWwaPiUilDwMWMsudoxFJkzjnaskXZt9/qW5CpWN/MMP":{"chainKey":{"counter":0,"key":"qTt+0yG+VIxCI+6drt3jhsSJgeuvgVmIcgUyPTZoqhU="},"chainType":1,"messageKeys":{}}},"pendingPreKey":{"signedKeyId":11,"baseKey":"BSMXDaCGh1669g5BVllkbPSM8egFX4UvHeQSb265AVcP"}}},"version":"v1"}