{"_sessions":{"BcaKDYFZ0+geRCmJJrzDIrfB5cWxEFjBiu7NPztxfYFz":{"registrationId":392380862,"currentRatchet":{"ephemeralKeyPair":{"pubKey":"BTYtkCX3A2wbrzbebj7Qg+AYrcxryaVJL2vl5r8s0j01","privKey":"qEfdUArk2EfLM55DFJDTedM8uqZzUAr8rnwdKQ+7yXk="},"lastRemoteEphemeralKey":"BYyZdTuW7SmUnmF0hvveaWSGKJ4T7MqMXUYCQzK+A9tU","previousCounter":0,"rootKey":"xCYsMNxVr5XlDED00N697v+tGTcIuvAcxMkrlUBborY="},"indexInfo":{"baseKey":"BcaKDYFZ0+geRCmJJrzDIrfB5cWxEFjBiu7NPztxfYFz","baseKeyType":1,"closed":-1,"used":1713593668447,"created":1713593668447,"remoteIdentityKey":"BX9336Q5kHmu+FRUBJ0XquXVfwvh0HHQYFhjyEDuLH5S"},"_chains":{"BTYtkCX3A2wbrzbebj7Qg+AYrcxryaVJL2vl5r8s0j01":{"chainKey":{"counter":0,"key":"EL2czwnIAn42hLLfrD0/5ztM3goyuM4N9lqGYaHHKZU="},"chainType":1,"messageKeys":{}}},"pendingPreKey":{"signedKeyId":0,"baseKey":"BcaKDYFZ0+geRCmJJrzDIrfB5cWxEFjBiu7NPztxfYFz","preKeyId":1029828}}},"version":"v1"}