{"_sessions":{"BQKxK42d0YlImWewvRBhIcy30H4p67o9KU4sgWPdiOA9":{"registrationId":2102050761,"currentRatchet":{"ephemeralKeyPair":{"pubKey":"BQ+wFMN3BMsyrlkHNT1dnT5PY74SVnQiv5gCM7Aa7iZp","privKey":"4OpRfZnznowvP7CCvDUARTZvrLvB9mUA0q/zhbP1um4="},"lastRemoteEphemeralKey":"BSlwf7YqXaLS/hJ0RoUKnDk+dzjsOfq1kSZ/X1Hjuh8B","previousCounter":0,"rootKey":"k181lqfJ6Xk4pabjmTmPlmKaLU8/hOLFr3nT0vsz0TQ="},"indexInfo":{"baseKey":"BQKxK42d0YlImWewvRBhIcy30H4p67o9KU4sgWPdiOA9","baseKeyType":1,"closed":-1,"used":1713593668450,"created":1713593668450,"remoteIdentityKey":"BQofi9LUsqoJ4dVYRJ1AyQwKnWZLGsllFo4qdxUNPF4n"},"_chains":{"BQ+wFMN3BMsyrlkHNT1dnT5PY74SVnQiv5gCM7Aa7iZp":{"chainKey":{"counter":0,"key":"MKET2CQNebl8sBBZ8INA3QbX5pXKWHS8U9/YZkqeGc4="},"chainType":1,"messageKeys":{}}},"pendingPreKey":{"signedKeyId":4,"baseKey":"BQKxK42d0YlImWewvRBhIcy30H4p67o9KU4sgWPdiOA9"}}},"version":"v1"}