{"_sessions":{"BcsHFf7oLHRlBHW89WvOK3wy39ELBUMKVCxo6RtxtsFN":{"registrationId":402234302,"currentRatchet":{"ephemeralKeyPair":{"pubKey":"BcM4dpJ1Kb6G1ESWOK4AwwCV3KXajYQcjrvSFkvil4tY","privKey":"MBVQaErDM5TKR/KwWTNGovPL+zqonD75701opb5uHFg="},"lastRemoteEphemeralKey":"BaVPzsCCMqhQrd7nxE/jgbnhEx3LUIbI+TDKBC+fnvIn","previousCounter":0,"rootKey":"PFJiXaeNC9FBaiiQNvfyexp3JM8VwUzLv7Kt2KRJ9K8="},"indexInfo":{"baseKey":"BcsHFf7oLHRlBHW89WvOK3wy39ELBUMKVCxo6RtxtsFN","baseKeyType":1,"closed":-1,"used":1713593668540,"created":1713593668540,"remoteIdentityKey":"Bav0VE5ejyBLJr0O1bcAYo42e7dbqUln9l5fFX9fi8RF"},"_chains":{"BcM4dpJ1Kb6G1ESWOK4AwwCV3KXajYQcjrvSFkvil4tY":{"chainKey":{"counter":0,"key":"/TStINpkU/7dC6spKheoHVWumc5TXei5qij8pPvSCkA="},"chainType":1,"messageKeys":{}}},"pendingPreKey":{"signedKeyId":6,"baseKey":"BcsHFf7oLHRlBHW89WvOK3wy39ELBUMKVCxo6RtxtsFN","preKeyId":8238270}}},"version":"v1"}