{"_sessions":{"BUIJGYUVt4/F/l8uW6fMvb9TB0sgcgf5zFcjkL1RTdxP":{"registrationId":1242959561,"currentRatchet":{"ephemeralKeyPair":{"pubKey":"BQ+Yq9mq7/XMy8F5Yb/gHogMgc/BERwn5lPwaDYathxy","privKey":"APWT3A41hgtLL0Wr6TjFZZTvIhF6gfNl4QnKAY0ZKUw="},"lastRemoteEphemeralKey":"BSI5KMPFW0XIQLpMayW63WvZ2tGlkdh03i6obm0xyTQC","previousCounter":0,"rootKey":"2fKkhsr2dSaRWi06Plvch+e7/sXDuxGxkqtXSfRVa9E="},"indexInfo":{"baseKey":"BUIJGYUVt4/F/l8uW6fMvb9TB0sgcgf5zFcjkL1RTdxP","baseKeyType":1,"closed":-1,"used":1713593668437,"created":1713593668437,"remoteIdentityKey":"BXAyJJL5bmV4y1kZETRUjhSr8p9wx4QgDLzzEojSMJ4K"},"_chains":{"BQ+Yq9mq7/XMy8F5Yb/gHogMgc/BERwn5lPwaDYathxy":{"chainKey":{"counter":0,"key":"z66QSWwZxffVJBNiiBB4YIqA4XsSwDNBBbtDsgd7s48="},"chainType":1,"messageKeys":{}}},"pendingPreKey":{"signedKeyId":4,"baseKey":"BUIJGYUVt4/F/l8uW6fMvb9TB0sgcgf5zFcjkL1RTdxP","preKeyId":10492244}}},"version":"v1"}