{"_sessions":{"BUwbF17S5/OhlaLyoZl0BW5X+ARYoCYsTguJTCUlA+tG":{"registrationId":975980884,"currentRatchet":{"ephemeralKeyPair":{"pubKey":"BXcYmgEuZu4MbClzPbvWY9eL542ste5VQH0sYIaTmTB0","privKey":"SEJxfpEvvmnqQs2XHfeth7o3bcnYCQ9CV4p/O5HDNk4="},"lastRemoteEphemeralKey":"BSAMv7Tay3iuia0yOr/q2XLNfjFOZNwrSuk7EHmHTcM7","previousCounter":0,"rootKey":"VSa1F+hLJmLySa8/VHH/reU5TD8/qi5pjZmbOOriO+w="},"indexInfo":{"baseKey":"BUwbF17S5/OhlaLyoZl0BW5X+ARYoCYsTguJTCUlA+tG","baseKeyType":1,"closed":-1,"used":1713593668422,"created":1713593668422,"remoteIdentityKey":"BZP1asLka27aumLrogOe2KAQWi9PZqkBG1wsT91uccRy"},"_chains":{"BXcYmgEuZu4MbClzPbvWY9eL542ste5VQH0sYIaTmTB0":{"chainKey":{"counter":0,"key":"jewlmnATZQNJeZs0Xay3OD9EJB4ofrsGC33fP06cbfU="},"chainType":1,"messageKeys":{}}},"pendingPreKey":{"signedKeyId":21,"baseKey":"BUwbF17S5/OhlaLyoZl0BW5X+ARYoCYsTguJTCUlA+tG","preKeyId":1499079}}},"version":"v1"}