{"_sessions":{"Bc8Cf3lUt0HkYMHerJsUN7P94K1AilzQaRM9uwzboN1D":{"registrationId":1837431880,"currentRatchet":{"ephemeralKeyPair":{"pubKey":"Bcfa5dMbOGCKv5ng9JYcJTX6mkj1elr+HZAexiUYPQdV","privKey":"4JAlYSPAE9eaHitGgOm85iQXzuhXOyHTz3CFtRAt60M="},"lastRemoteEphemeralKey":"BTdSLGJDklPkq6JtNLi3lkBAUNZvPn2VtgYAdc9jFlt1","previousCounter":0,"rootKey":"Dn562VKLV9gc0/fFRAEe4xOhRNmXOJSNiCozJBBkBk0="},"indexInfo":{"baseKey":"Bc8Cf3lUt0HkYMHerJsUN7P94K1AilzQaRM9uwzboN1D","baseKeyType":1,"closed":-1,"used":1713593668373,"created":1713593668373,"remoteIdentityKey":"BSqD1TjHXtHUXrcNewBY6OpMnbXXEOGFGbIsvRh9CcF2"},"_chains":{"Bcfa5dMbOGCKv5ng9JYcJTX6mkj1elr+HZAexiUYPQdV":{"chainKey":{"counter":0,"key":"RjR8ONl2O/ghGl4KoWmGKBkzBm4ELiwoSyK8FimJKio="},"chainType":1,"messageKeys":{}}},"pendingPreKey":{"signedKeyId":9517936,"baseKey":"Bc8Cf3lUt0HkYMHerJsUN7P94K1AilzQaRM9uwzboN1D"}}},"version":"v1"}