{"noiseKey":{"private":{"type":"Buffer","data":"8McAmxyiimwgUWbU4fkRMhbHfi3zLrHXtjHk2hV40nI="},"public":{"type":"Buffer","data":"RHwQZmOpjo2ZkXL1NDyTWKuF/fJzJrEOsiPsPHIEun4="}},"pairingEphemeralKeyPair":{"private":{"type":"Buffer","data":"0MJZXeylliZAjYBCbkcSd5QRhQU+LLT9TpXBZg5T1Vs="},"public":{"type":"Buffer","data":"Kk9FwMBCGnTb55qcy3RqhyFes9vffZ+Sr3i65De8dAw="}},"signedIdentityKey":{"private":{"type":"Buffer","data":"CGdTqg0BPQfOaeJlqq6h0psrk54UveTCtq71s9OSAEc="},"public":{"type":"Buffer","data":"/VzQf/XYhgK4XVcEBX8uUD/6y+FacREdCMaEfH6zUlo="}},"signedPreKey":{"keyPair":{"private":{"type":"Buffer","data":"kNhpn2fNzNpaMjD1Sah5xzyFod7Y60zQrE5mIt+sj1M="},"public":{"type":"Buffer","data":"W13uEJktZ1E2rJE0ukDYcis1BeKg9BIonnvPaIq0mH0="}},"signature":{"type":"Buffer","data":"IEY0uV9xdT+o7INIlF0ritdN3CoFLCmYqiCTI42M9uLuX0U8btWWMf19Osms6nAm83o8977zk9KdW7i/hw2UDw=="},"keyId":1},"registrationId":32,"advSecretKey":"Rsl78C+i34xOudNzM+qlfhISZRVi0yi/DW4f37P5Ogo=","processedHistoryMessages":[],"nextPreKeyId":1,"firstUnuploadedPreKeyId":1,"accountSyncCounter":0,"accountSettings":{"unarchiveChats":false},"deviceId":"dtA_n8ZcR3u8HGLeMpm1xA","phoneId":"868c7614-9b9c-4d21-b64e-4f6675ae18ed","identityId":{"type":"Buffer","data":"z6Gu9s0T9Z5SqEW6BHfQeluU5cM="},"registered":false,"backupToken":{"type":"Buffer","data":"yrHbpOPYgoVTanPV9hY2Gfbh9oA="},"registration":{},"pairingCode":"85MLW9M8","me":{"id":"62882020804531@s.whatsapp.net","name":"~"}}